Title,Type,Level,Publisher,Tag,Price(GHC),Image
The 48 Laws of Money,Literature,All,Victor O. Carl,,50,/Motivational Books/IMG_4646
The Power of The Pussy,Literature,All,Kara King,,50,/Motivational Books/IMG_4648
"How to Talk to Anyone, Anytime, Anywhere",Literature,All,Larry King,,45,/Motivational Books/IMG_4644
The Alchemist,Literature,All,Paulo Coelho,,50,/Motivational Books/IMG_4641
Nice Girls Still Don't Get The Coorner Office,Literature,All,"Lois P. Frankel,",,60,/Motivational Books/IMG_4647
Attitude Is Everything ,Literature,All,KEITH HARRELL,,45,/Motivational Books/IMG_4650
The Psycology of Leadership,Literature,All,SÉBASTIEN PAGE,,50,/Motivational Books/IMG_4645
Becoming Supernatural: How Common People Are Doing the Uncommon,Literature,All,DR. JOE DISPENZA,,60,/Motivational Books/IMG_4639
Getting To Yes Negotiating Agreement Without Giving In,Literature,All,Houghton Mifflin,,50,/Motivational Books/IMG_4638
The Smart Money Woman,Literature,All,ARESE UGWU,,50,/Motivational Books/IMG_4649
How to Talk to Anyone,Literature,All,McGraw-Hill,,40,/Motivational Books/IMG_4636
You Become What You Think,Literature,All,SHUBHAM KUMAR SINGH,,45,/Motivational Books/IMG_4640
"Get Rich, Stay Rich, Pass It On",Literature,All,CATHERINE S. MCBREEN,,50,/Motivational Books/IMG_4637
Discipline Is Destiny,Literature,All,Ryan Holiday,,60,/Motivational Books/IMG_4643
Ego Is The Enemy,Literature,All,Ryan Holiday,,50,/Motivational Books/IMG_4651
"Right Thing, Right Now",Literature,All,Ryan Holiday,,60,/Motivational Books/IMG_4642
"Mpanyin Ka Bi a, Tie: Twer3bea Ho Mmara Bi",Textbook,Junior High Schools,Adwinsa Publications (Gh) Ltd,,,/SecSchool/MPANYIN SERIES/IMG_1844
"Mpanyin Ka Bi a, Tie: Akanfo) amanne3 ne w)n amammer4",Textbook,Junior High Schools,Adwinsa Publications (Gh) Ltd,,,/SecSchool/MPANYIN SERIES/IMG_1845
"Mpanyin Ka Bi a, Tie: Akenkan, Ntease3 ne Anwons3m",Textbook,Junior High Schools,Adwinsa Publications (Gh) Ltd,,,/SecSchool/MPANYIN SERIES/IMG_1846
"Mpanyin Ka Bi a, Tie: Kasadwini",Textbook,Junior High Schools,Adwinsa Publications (Gh) Ltd,,,/SecSchool/MPANYIN SERIES/IMG_1847
Literacy (KG1),Activity Book,Junior High Schools,EBS,,60,/Primary and JHS/EBS_/IMG_0196
Bonjour Amis (B8),Textbook,Junior High Schools,Adwinsa Publications (GH) Ltd,,70,/Primary and JHS/Adwinsa/IMG_1860
Bonjour Amis (B9),Textbook,Junior High Schools,Adwinsa Publications (GH) Ltd,,70,/Primary and JHS/Adwinsa/IMG_1861
Bonjour Amis (B7),Textbook,Junior High Schools,Adwinsa Publications (GH) Ltd,,70,/Primary and JHS/Adwinsa/IMG_1862
Computing (B7),Textbook,Junior High Schools,Adwinsa Publications (GH) Ltd,,75,/Primary and JHS/Adwinsa/IMG_1869
Computing (B9),Textbook,Junior High Schools,Adwinsa Publications (GH) Ltd,,75,/Primary and JHS/Adwinsa/IMG_1870
Career Technology (B8),Textbook,Junior High Schools,Adwinsa Publications (GH) Ltd,,75,/Primary and JHS/Adwinsa/IMG_1871
Career Technology (B7),Textbook,Junior High Schools,Adwinsa Publications (GH) Ltd,,75,/Primary and JHS/Adwinsa/IMG_1872
Science (B9),Textbook,Junior High Schools,Adwinsa Publications (GH) Ltd,,60,/Primary and JHS/Adwinsa/IMG_1874
Mathematics (B8),Textbook,Junior High Schools,Adwinsa Publications (GH) Ltd,,60,/Primary and JHS/Adwinsa/IMG_1875
A Complete Mathematics (B9),Textbook,Junior High Schools,Afram,,70,/Primary and JHS/Afram/IMG_0481
Mathematics (B9),Textbook,Junior High Schools,Approacher's Series,,120,/Primary and JHS/Approaches series_/IMG_1670
Information & Communications Technology ,Textbook,Junior High Schools,Approacher's Series,,120,/Primary and JHS/Approaches series_/IMG_1671
English Language (B6),Textbook,Junior High Schools,Best Brain Publishing ,,70,/Primary and JHS/Best Brain/IMG_0024
Flamingo Social Studies,Textbook,Junior High Schools,Flamingo Series,,50,/Primary and Jhs/vestel Series_/Flamingo Series_/IMG_1827
Computing (B8),Textbook,Junior High Schools,Don Series,,75,/Primary and JHS/Don Series/IMG_1458
Computing (B9),Textbook,Junior High Schools,Don Series,,75,/Primary and JHS/Don Series/IMG_1459
Computing (B7),Textbook,Junior High Schools,Don Series,,75,/Primary and JHS/Don Series/IMG_1460
French  (B7),Textbook,Junior High Schools,Don Series,,75,/Primary and JHS/Don Series/IMG_1461
French  (B8),Textbook,Junior High Schools,Don Series,,75,/Primary and JHS/Don Series/IMG_1462
French  (B9),Textbook,Junior High Schools,Don Series,,75,/Primary and JHS/Don Series/IMG_1463
Science (B7),Textbook,Junior High Schools,Don Series,,75,/Primary and JHS/Don Series/IMG_1464
Science (B8),Textbook,Junior High Schools,Don Series,,75,/Primary and JHS/Don Series/IMG_1465
Science (B9),Textbook,Junior High Schools,Don Series,,75,/Primary and JHS/Don Series/IMG_1466
Social Studies (B7),Textbook,Junior High Schools,Don Series,,75,/Primary and JHS/Don Series/IMG_1467
Social Studies (B8),Textbook,Junior High Schools,Don Series,,75,/Primary and JHS/Don Series/IMG_1468
Social Studies (B9),Textbook,Junior High Schools,Don Series,,75,/Primary and JHS/Don Series/IMG_1469
Computing ,Textbook,Junior High Schools,Don Series,,150,/Primary and JHS/Don Series/IMG_1470
English,Textbook,Junior High Schools,Don Series,,150,/Primary and JHS/Don Series/IMG_1471
Religious & Moral Education (B4),Textbook,Junior High Schools,EBS,,50,/Primary and JHS/EBS_/IMG_0236
Religious & Moral Education (B8),Textbook,Junior High Schools,EBS,,70,/Primary and JHS/EBS_/IMG_0242
Religious & Moral Education (B9),Textbook,Junior High Schools,EBS,,70,/Primary and JHS/EBS_/IMG_0243
Enrich your Grammar (B4),Textbook,Junior High Schools,EPP ,,50,/Primary and JHS/Epp Enrich/IMG_1448
Computing ,Textbook,Junior High Schools,Excellence Series Publishing ,,150,/Primary and JHS/Excellence/IMG_0022
French,Textbook,Junior High Schools,Excellence Series Publishing ,,150,/Primary and JHS/Excellence/IMG_0023
Our World & Our People (B6),Textbook,Junior High Schools,Excellence Series Publishing ,,150,/Primary and JHS/Excellence/IMG_9969
Essential Writing Jhs 1,Textbook,Junior High Schools,Family Issues Series,,50,/Primary and Jhs/Vestel Series_/Family Issues Series_/IMG_1795
Religious & Moral Education (B7),Textbook,Junior High Schools,Flamingo Series,,70,/Primary and JHS/Flamingo Series/IMG_1822
Religious & Moral Education (B9),Textbook,Junior High Schools,Flamingo Series,,70,/Primary and JHS/Flamingo Series/IMG_1823
Religious & Moral Education (B9),Textbook,Junior High Schools,Flamingo Series,,70,/Primary and JHS/Flamingo Series/IMG_1824
Computing ,Textbook,Junior High Schools,ICT Solution,,150,/Primary and jhs/Kenmas/IMG_0437
English Grammar,Textbook,Junior High Schools,Junior Scholars Series,,65,/Primary and jhs/JHS/IMG_1987
Mathematics ,Textbook,Junior High Schools,Kwadwoan Publishing,,105,/Primary and jhs/Kwadwoan Series/IMG_1564
Social Studies,Textbook,Junior High Schools,Kwadwoan Publishing,,85,/Primary and jhs/Kwadwoan Series/IMG_1565
Religious and Moral Education ,Textbook,Junior High Schools,Kwadwoan Publishing,,70,/Primary and jhs/Kwadwoan Series/IMG_1566
French ,Textbook,Junior High Schools,Kwadwoan Publishing,,70,/Primary and jhs/Kwadwoan Series/IMG_1567
Science Basic 7,Textbook,Junior High Schools,Kwadwoan Publishing,,105,/Primary and jhs/Kwadwoan Series/IMG_1568
Science Basic 9,Textbook,Junior High Schools,Kwadwoan Publishing,,105,/Primary and jhs/Kwadwoan Series/IMG_1569
French Basic 8,Textbook,Junior High Schools,Kwadwoan Publishing,,105,/Primary and jhs/Kwadwoan Series/IMG_1570
Career Technology basic 8,Textbook,Junior High Schools,Masterman Publishing ,,70,/Primary and Jhs/Master Man/IMG_1534
Creative Arts & Design basic 8 ,Textbook,Junior High Schools,Masterman Publishing ,,70,/Primary and Jhs/Master Man/IMG_1535
Contemporary Science basic 8,Textbook,Junior High Schools,Masterman Publishing ,,85,/Primary and Jhs/Master Man/IMG_1536
Ahyese Mfantse Kasasua Buukuu 8,Textbook,Junior High Schools,Mega Series,,70,/Primary and jhs/JHS/IMG_1988
Ahyese Mfantse Kasasua Buukuu 9,Textbook,Junior High Schools,Mega Series,,70,/Primary and jhs/JHS/IMG_1989
Essential Religious & Moral Education (B7),Textbook,Junior High Schools,NNF Books,,85,/Primary and JHS/Essential_/IMG_9932
Essential Social Studies (B7),Textbook,Junior High Schools,NNF Books,,85,/Primary and JHS/Essential_/IMG_9933
Essential Computing (B7),Textbook,Junior High Schools,NNF Books,,85,/Primary and JHS/Essential_/IMG_9934
Essential English (B7),Textbook,Junior High Schools,NNF Books,,85,/Primary and JHS/Essential_/IMG_9935
Essential Science (B7),Textbook,Junior High Schools,NNF Books,,85,/Primary and JHS/Essential_/IMG_9936
Essential Career Technology (B9),Textbook,Junior High Schools,NNF Books,,85,/Primary and JHS/Essential_/IMG_9937
Essential Science (B1),Textbook,Junior High Schools,NNF Books,,85,/Primary and JHS/Essential_/IMG_9938
Career Technology (B9),Textbook,Junior High Schools,NNF Books,,85,/Primary and JHS/Essential_/IMG_9963
Essential English (B9),Textbook,Junior High Schools,NNF Books,,85,/Primary and JHS/Essential_/IMG_9964
Essential Science (B8),Textbook,Junior High Schools,NNF Books,,85,/Primary and JHS/Essential_/IMG_9965
Essential English (B1),Textbook,Junior High Schools,NNF Books,,85,/Primary and JHS/Essential_/IMG_9966
Science ,Textbook,Junior High Schools,Perfect Series,,150,/Primary and jhs/JHS/IMG_1982
Social Studies And  Religious & Moral Education,Textbook,Junior High Schools,Prep Series,,60,/Primary and Jhs/Prep/IMG_0462
HA W)KASE GA basic 9,Textbook,Junior High Schools,Springfields Publications,,65,/Primary and Jhs/vestel Series_/Ha wakase ga/IMG_1829
HA W)KASE GA basic 8,Textbook,Junior High Schools,Springfields Publications,,65,/Primary and Jhs/vestel Series_/Ha wakase ga/IMG_1830
HA W)KASE GA basic 7,Textbook,Junior High Schools,Springfields Publications,,65,/Primary and Jhs/vestel Series_/Ha wakase ga/IMG_1831
BA W)KANE GA 1-3,Textbook,Junior High Schools,Springfields Publications,,100,/Primary and Jhs/vestel Series_/Ha wakase ga/IMG_1832
Creative Arts and Design,Textbook,Junior High Schools,Successlink,,100,/Primary and jhs/JHS/IMG_1983
Religious and Moral Education,Textbook,Junior High Schools,Successlink,,100,/Primary and jhs/JHS/IMG_1984
Career Technology,Textbook,Junior High Schools,Successlink,,100,/Primary and jhs/JHS/IMG_1985
Social Studies,Textbook,Junior High Schools,Successlink,,100,/Primary and jhs/JHS/IMG_1986
Mathematics Practica Questions & Answers Simplified,Textbook,Junior High Schools,Tamak Series,,60,/Primary and Jhs/Tamak/IMG_0453
Computing  Practical & Answers Simplified,Textbook,Junior High Schools,Tamak Series,,60,/Primary and Jhs/Tamak/IMG_0454
Religious And Moral Education Practical ,Textbook,Junior High Schools,Tamak Series,,60,/Primary and Jhs/Tamak/IMG_0455
Career Technology  Practical,Textbook,Junior High Schools,Tamak Series,,60,/Primary and Jhs/Tamak/IMG_0456
Computing for Jhs  7 ,Textbook,Junior High Schools,Victory Series,,65,/Primary and Jhs/Victory Series_/IMG_1633
Religious and Moral Education Basic 7,Textbook,Junior High Schools,Victory Series,,65,/Primary and Jhs/Victory Series_/IMG_1634
Religious and Moral Education Basic 9,Textbook,Junior High Schools,Victory Series,,65,/Primary and Jhs/Victory Series_/IMG_1635
Career Technology basic 7-9,Textbook,Junior High Schools,Victory Series,,150,/Primary and Jhs/Victory Series_/IMG_1661
Creative Arts and Design basic 7-9,Textbook,Junior High Schools,Victory Series,,150,/Primary and Jhs/Victory Series_/IMG_1662
Essentials of Graphic Design Volume 1,Textbook,Junior High Schools,Whimsey Press Ltd.,,100,/SecSchool/Visual Art/IMG_0945
Essentials of Graphic Design Volume 2,Textbook,Junior High Schools,Whimsey Press Ltd.,,100,/SecSchool/Visual Art/IMG_0946
Twi Adesua Ne Dwumadie Nwoma Bi(Asante Twi),Textbook,Junior High Schools,Bedozer Series,,70,/SecSchool/Bedozer Series 2/IMG_1700
Twi Adesua Ne Dwumadi Nhoma Bi(Akuapem Twi),Textbook,Junior High Schools,Bedozer Series,,70,/SecSchool/Bedozer Series 2/IMG_1695
Twi Adesua Ne Dwumadie Nwoma Bi(Asante Twi),Textbook,Junior High Schools,Bedozer Series,,70,/SecSchool/Bedozer Series 2/IMG_1699
Twi Adesua Ne Dwumadie Nwoma Bi(Asante Twi),Textbook,Junior High Schools,Bedozer Series,,70,/SecSchool/Bedozer Series 2/IMG_1698
Creative Arts (KG1),Activity Book,Preschool,EBS,,60,/Primary and JHS/EBS_/IMG_0197
Numeracy (KG2),Activity Book,Preschool,EBS,,60,/Primary and JHS/EBS_/IMG_0199
Literacy (KG2),Activity Book,Preschool,EBS,,60,/Primary and JHS/EBS_/IMG_0200
Essential Arts and Colouring Nursery 1 & 2,Activity Book,PreSchool,NNF Books,,50,/PreSchool/NNF/IMG_9630
Essential Montessori English Reading and Comprehension KG 2,Activity Book,PreSchool,NNF Books,,50,/PreSchool/NNF/IMG_9633
Scribbling and Colouring Activities Nursery 1,Activity Book,PreSchool,Pace Learning Resources Publishing ,,50,/Preschool/pace/IMG_1390
Science Level 2 5+ Years,Activity Book,PreSchool,Pace Learning Resources Publishing ,,50,/Preschool/pace/IMG_1391
Number Tracing ,Activity Book,PreSchool,Pace Learning Resources Publishing ,,50,/Preschool/pace/IMG_1392
Letter Tracing,Activity Book,PreSchool,Pace Learning Resources Publishing ,,50,/Preschool/pace/IMG_1393
My First 123 Colouring Book 3+ Years,Activity Book,PreSchool,Pace Learning Resources Publishing ,,50,/Preschool/pace/IMG_1394
My First abc Colouring Book 3+ Years,Activity Book,PreSchool,Pace Learning Resources Publishing ,,50,/Preschool/pace/IMG_1396
Colouring and Writing,Activity Book,PreSchool,Perfect Series,,57,/PreSchool/Perfect_/IMG_9582
Numeracy Activities KG 1,Activity Book,PreSchool,Unique Field,,45,/PreSchool/Unique Field/IMG_9646
Phonics Activities KG 2,Activity Book,PreSchool,Unique Field,,45,/PreSchool/Unique Field/IMG_9652
Numeracy Activities KG 2,Activity Book,PreSchool,Unique Field,,45,/PreSchool/Unique Field/IMG_9654
Literacy Activities KG 1,Activity Book,PreSchool,Unique Field,,45,/PreSchool/Unique Field/IMG_9655
Phonics Activities Nursery 1,Activity Book,PreSchool,Unique Field,,45,/PreSchool/Unique Field/IMG_9657
Numeracy Activities Nursery 1,Activity Book,PreSchool,Unique Field,,45,/PreSchool/Unique Field/IMG_9658
Numeracy Activities Nursery 2,Activity Book,PreSchool,Unique Field,,45,/PreSchool/Unique Field/IMG_9659
Tracing & Colouring Nursery,Activity Book,PreSchool,Wise Ant,,40,/PreSchool/Wise Ant/IMG_9586
Tracing and Colouring KG,Activity Book,PreSchool,Wise Ant,,50,/PreSchool/Wise Ant/IMG_9590
Prewriting Activity Book for Starters,Activity Book,PreSchool,Advocate Publishing,,40,/PreSchool/Advocate/IMG_9591
Language Activity (Nursery 1),Activity Book,PreSchool,Advocate Publishing,,40,/PreSchool/Advocate/IMG_9592
Language Activity (Nursery 2),Activity Book,PreSchool,Advocate Publishing,,40,/PreSchool/Advocate/IMG_9593
Number Activity (1-10),Activity Book,PreSchool,Advocate Publishing,,40,/PreSchool/Advocate/IMG_9594
Number Activity (1-20),Activity Book,PreSchool,Advocate Publishing,,40,/PreSchool/Advocate/IMG_9595
Language & Literacy Activity (Kindergarten 1),Activity Book,PreSchool,Advocate Publishing,,50,/PreSchool/Advocate/IMG_9596
Language & Literacy Activity (Kindergarten 2),Activity Book,PreSchool,Advocate Publishing,,50,/PreSchool/Advocate/IMG_9597
Phonics Skills,Activity Book,PreSchool,Advocate Publishing,,40,/PreSchool/Advocate/IMG_9598
Phonics Skills,Activity Book,PreSchool,Advocate Publishing,,40,/PreSchool/Advocate/IMG_9599
Phonics Skills,Activity Book,PreSchool,Advocate Publishing,,50,/PreSchool/Advocate/IMG_9600
Phonics Skills,Activity Book,PreSchool,Advocate Publishing,,50,/PreSchool/Advocate/IMG_9601
Colouring  Book For Nursery Schools,Activity Book,PreSchool,Allgoodbooks Publishing,,40,/PreSchool/AllGoodBooks/IMG_9670
My First Colouring Book ,Activity Book,PreSchool,Allgoodbooks Publishing,,40,/PreSchool/AllGoodBooks/IMG_9672
Creative Arts for Kindergarten,Activity Book,PreSchool,Allgoodbooks Publishing,,40,/PreSchool/AllGoodBooks/IMG_9665
Alpha Phonics Phase 1,Activity Book,PreSchool,Alpha Publishing ,,55,/PreSchool/Alpha_/IMG_1286
Alpha Phonics Phase 5,Activity Book,PreSchool,Alpha Publishing ,,55,/PreSchool/Alpha_/IMG_1287
Alpha Phonics Phase 4,Activity Book,PreSchool,Alpha Publishing ,,55,/PreSchool/Alpha_/IMG_1288
Alpha Phonics Phase 3,Activity Book,PreSchool,Alpha Publishing ,,55,/PreSchool/Alpha_/IMG_1290
Creative Arts for KG1,Activity Book,PreSchool,Best Brain Publishing ,,50,/PreSchool/Best Brain/IMG_1401
Picture Reading and Colouring KG2,Activity Book,PreSchool,Best Brain Publishing ,,50,/PreSchool/Best Brain/IMG_1404
Picture Reading and Colouring Nursery 1,Activity Book,PreSchool,Best Brain Publishing ,,40,/PreSchool/Best Brain/IMG_1405
Phonics Nursery 1,Activity Book,PreSchool,Best Brain Publishing ,,40,/PreSchool/Best Brain/IMG_1406
My Picture Activity Book,Activity Book,PreSchool,Buck Publishing ,,40,/PreSchool/Buck/IMG_1346
Colour Me (Shapes) ,Activity Book,PreSchool,Early Colouring Books Publishing ,,35,/PreSchool/MJP/IMG_9528
Colour Me (abc) ,Activity Book,PreSchool,Early Colouring Books Publishing ,,35,/PreSchool/MJP/IMG_9529
Copy 1 Colouring  (Fruits),Activity Book,PreSchool,Early Colouring Books Publishing ,,35,/PreSchool/MJP/IMG_9531
Copy 2 Colouring  (Vegetables),Activity Book,PreSchool,Early Colouring Books Publishing ,,35,/PreSchool/MJP/IMG_9532
Copy 4 Colouring  (Birds),Activity Book,PreSchool,Early Colouring Books Publishing ,,35,/PreSchool/MJP/IMG_9534
Copy 5 Colouring  (Toys),Activity Book,PreSchool,Early Colouring Books Publishing ,,35,/PreSchool/MJP/IMG_9535
Copy 3 Colouring  (Animals),Activity Book,PreSchool,Early Colouring Books Publishing ,,35,/PreSchool/MJP/IMG_9536
Beginning Science (2),Activity Book,PreSchool,Early Colouring Books Publishing ,,50,/PreSchool/MJP/IMG_9537
Beginning Science (1),Activity Book,PreSchool,Early Colouring Books Publishing ,,50,/PreSchool/MJP/IMG_9538
Phonics Skills for KG1,Activity Book,PreSchool,Fun Series Publishing ,,50,/PreSchool/Fun/IMG_9543
Fun Writing book For KG1,Activity Book,PreSchool,Fun Series Publishing ,,50,/PreSchool/Fun/IMG_9548
Our World And Our People WorkBook For KG1,Activity Book,PreSchool,Fun Series Publishing ,,50,/PreSchool/Fun/IMG_9551
Language and Literacy For KG1,Activity Book,PreSchool,Fun Series Publishing ,,50,/PreSchool/Fun/IMG_9554
Language Literacy Skills For KG2,Activity Book,PreSchool,Fun Series Publishing ,,50,/PreSchool/Fun/IMG_9559
Language Literacy Skill For Nursery 1,Activity Book,PreSchool,Fun Series Publishing ,,45,/PreSchool/Fun/IMG_9569
Creativity For Nursery 1,Activity Book,PreSchool,Fun Series Publishing ,,45,/PreSchool/Fun/IMG_9574
Writing Activity Book KG1,Activity book,Preschool,Goodman Series,,55,/Primary and Jhs/Goodman/IMG_0159
Writing Activity Book KG2,Activity book,Preschool,Goodman Series,,55,/Primary and Jhs/Goodman/IMG_0160
Language & Literacy Activity Book Nursery 1,Activity book,Preschool,Goodman Series,,55,/Primary and Jhs/Goodman/IMG_0161
Phonics Nursery 1,Activity book,Preschool,Goodman Series,,55,/Primary and Jhs/Goodman/IMG_0162
Numeracy for Nursery 1,Activity book,Preschool,Goodman Series,,55,/Primary and Jhs/Goodman/IMG_0163
Language & Literacy Activity Book Nursery 2,Activity book,Preschool,Goodman Series,,55,/Primary and Jhs/Goodman/IMG_0164
Writing Activity Book Nursery 2,Activity book,Preschool,Goodman Series,,55,/Primary and Jhs/Goodman/IMG_0166
Language Literacy Activities Nursery 1,Activity Book,PreSchool,Little Sage Publishing ,,40,/PreSchool/Little Sage/IMG_1409
Language Literacy Activities Nursery 2,Activity Book,PreSchool,Little Sage Publishing ,,40,/PreSchool/Little Sage/IMG_1410
Colouring Practice KG1,Activity Book,PreSchool,Little Sage Publishing ,,50,/PreSchool/Little Sage/IMG_1411
Colouring Practice KG2,Activity Book,PreSchool,Little Sage Publishing ,,50,/PreSchool/Little Sage/IMG_1412
Phonics 1,Activity Book,PreSchool,Little Sage Publishing ,,50,/PreSchool/Little Sage/IMG_1413
Phonics 2,Activity Book,PreSchool,Little Sage Publishing ,,50,/PreSchool/Little Sage/IMG_1414
Phonics 3,Activity Book,PreSchool,Little Sage Publishing ,,50,/PreSchool/Little Sage/IMG_1415
Numeracy Activities For Nursery 1,Activity Book,PreSchool,Little Sage Publishing ,,40,/PreSchool/Little Sage/IMG_9679 2
Numeracy Activities For Nursery 2,Activity Book,PreSchool,Little Sage Publishing ,,40,/PreSchool/Little Sage/IMG_9680 2
Numeracy Activities For KG 1,Activity Book,PreSchool,Little Sage Publishing ,,50,/PreSchool/Little Sage/IMG_9681 2
Numeracy Activities For KG 2,Activity Book,PreSchool,Little Sage Publishing ,,50,/PreSchool/Little Sage/IMG_9682  2
Crayon ABC Colouring ,Activity Book,PreSchool,Little Sage Publishing ,,40,/PreSchool/Little Sage/IMG_9683 2
Creche Animal Colouring ,Activity Book,PreSchool,Little Sage Publishing ,,40,/PreSchool/Little Sage/IMG_9687 2
Phonics colouring book KG 1,Activity book,Preschool,made easy,,50,/Primary and Jhs/made easy/IMG_1877
Phonics Writing book Nursery 2,Activity book,Preschool,made easy,,40,/Primary and Jhs/made easy/IMG_1878
Phonics Writing book Nursery 1,Activity book,Preschool,made easy,,40,/Primary and Jhs/made easy/IMG_1879
Phonics Colouring Book nursery 2,Activity book,Preschool,made easy,,40,/Primary and Jhs/made easy/IMG_1880
Phonics  2,Activity Book,PreSchool,Masterman Publishing ,,50,/PreSchool/Materman/IMG_1313
Activities In Numeracy For KG1,Activity Book,PreSchool,Masterman Publishing ,,50,/PreSchool/Materman/IMG_1316
Language And Literacy Activities For KG 1,Activity Book,PreSchool,Masterman Publishing ,,50,/PreSchool/Materman/IMG_1317
Activities in Creative Arts For KG1,Activity Book,PreSchool,Masterman Publishing ,,55,/PreSchool/Materman/IMG_1320
Language And Literacy Activities For KG 2,Activity Book,PreSchool,Masterman Publishing ,,50,/PreSchool/Materman/IMG_1325
Science (Level 4+ yrs),Activity Book,PreSchool,Pace Learning Resources Publishing ,,40,/PreSchool/Best Brain/IMG_1388
Science (Level 5+ yrs),Activity Book,PreSchool,Pace Learning Resources Publishing ,,40,/PreSchool/Best Brain/IMG_1389
Phonics ,Activity Book,PreSchool,Pace Learning Resources Publishing ,,40,/PreSchool/Best Brain/IMG_1387
Writing Skills 1,Activity Book ,PreSchool,Early Colouring Books Publishing ,,50,/PreSchool/MJP/IMG_9539
Writing Skills 2,Activity Book ,PreSchool,Early Colouring Books Publishing ,,50,/PreSchool/MJP/IMG_9540
Writing Skills 3,Activity Book ,PreSchool,Early Colouring Books Publishing ,,50,/PreSchool/MJP/IMG_9541
Write and Colour ABC for Nursery 1,Activity Book ,PreSchool,Fun Series Publishing ,,45,/PreSchool/Fun/IMG_9573
Activities in Our World and Our People For KG2,Activity Book ,PreSchool,Golden Publishing ,,55,/PreSchool/Golden/IMG_1312
Colouring Fun ,Activity Book ,PreSchool,Jumbo Publishing,,50,/PreSchool/MJP/IMG_9542
Colouring Fun 3,Activity Book ,PreSchool,Jumbo Publishing,,50,/PreSchool/MJP/IMG_9689 2
Colouring Fun 2,Activity Book ,PreSchool,Jumbo Publishing,,50,/PreSchool/MJP/IMG_9690 2
Phonics Vowels KG and Lower Primary,Activity Book ,PreSchool,Little Sage Publishing ,,50,/PreSchool/Little Sage/IMG_1416
Scribble Book,Activity Book ,PreSchool,Little Sage Publishing ,,40,/PreSchool/Little Sage/IMG_9684 2
Activities In Numeracy For KG2,Activity Book ,PreSchool,Masterman Publishing ,,50,/PreSchool/Materman/IMG_1314
My Best Writing Activity Book KG2,Activity Book ,PreSchool,Masterman Publishing ,,50,/PreSchool/Materman/IMG_1315
Writing Activity Book For KG1,Activity Book ,PreSchool,Masterman Publishing ,,50,/PreSchool/Materman/IMG_1318
Phonics Activity Book KG1,Activity Book ,PreSchool,Masterman Publishing ,,50,/PreSchool/Materman/IMG_1319
Treasure Colouring Activity Book KG1,Activity Book ,PreSchool,Masterman Publishing ,,40,/PreSchool/Materman/IMG_1321
Activities in Our World and Our People For KG1,Activity Book ,PreSchool,Masterman Publishing ,,50,/PreSchool/Materman/IMG_1322
Activities in Creative Arts For KG2,Activity Book ,PreSchool,Masterman Publishing ,,55,/PreSchool/Materman/IMG_1323
Treasure Colouring Activity Book KG2,Activity Book ,PreSchool,Masterman Publishing ,,40,/PreSchool/Materman/IMG_1324
Pre Writing Activities For Nursery (3-4years),Activity Book ,PreSchool,Masterman Publishing ,,40,/PreSchool/Materman/IMG_1326
Language and Literacy Activities For Nursery 1,Activity Book ,PreSchool,Masterman Publishing ,,40,/PreSchool/Materman/IMG_1327
Activities in Numeracy  For Nursery 1,Activity Book ,PreSchool,Masterman Publishing ,,40,/PreSchool/Materman/IMG_1328
Language and Literacy Activities For Nursery 2,Activity Book ,PreSchool,Masterman Publishing ,,40,/PreSchool/Materman/IMG_1330
Activities In Numeracy For Nursery 2,Activity Book ,PreSchool,Masterman Publishing ,,40,/PreSchool/Materman/IMG_1331
Phonics Activity Book For Nursery 1,Activity Book ,PreSchool,Masterman Publishing ,,40,/PreSchool/Materman/IMG_1332
Geography Skills KG 1,Practical Book,PreSchool,NNF Books,,45,/PreSchool/NNF/IMG_9604
Number Writing 1-100 KG,Practical Book,PreSchool,Little Sage Publishing ,,50,/PreSchool/Little Sage/IMG_1418
My First Writing Practice  Book,Practice Book,PreSchool,Allgoodbooks Publishing,,40,/PreSchool/AllGoodBooks/IMG_9667
Alpha Writing WorkBook 2,Practice Book,PreSchool,Alpha Publishing ,,55,/PreSchool/Alpha_/IMG_1294
Alpha Writing WorkBook 1,Practice Book,PreSchool,Alpha Publishing ,,55,/PreSchool/Alpha_/IMG_1295
Alpha Writing WorkBook 3,Practice Book,PreSchool,Alpha Publishing ,,55,/PreSchool/Alpha_/IMG_1296
Writing KG2,Practice Book,PreSchool,Best Brain Publishing ,,50,/PreSchool/Best Brain/IMG_1403
My KG1 Numeracy WorkBook,Practice Book,PreSchool,Buck Publishing ,,50,/PreSchool/Buck/IMG_1344
My KG2 Our World and Our People WorkBook,Practice Book,PreSchool,Buck Publishing ,,50,/PreSchool/Buck/IMG_1345
My KG2 Numeracy WorkBook,Practice Book,PreSchool,Buck Publishing ,,40,/PreSchool/Buck/IMG_1347
Creative Arts KG2,Practice Book,PreSchool,Excellence Series Publishing ,,50,/PreSchool/Excellence/IMG_1348
Creative Arts KG1,Practice Book,PreSchool,Excellence Series Publishing ,,50,/PreSchool/Excellence/IMG_1349
Literacy For Beginners KG1 WorkBook,Practice Book,PreSchool,Excellence Series Publishing ,,50,/PreSchool/Excellence/IMG_1350
Literacy For Beginners KG2 WorkBook,Practice Book,PreSchool,Excellence Series Publishing ,,50,/PreSchool/Excellence/IMG_1351
Our World and Our People For Beginners KG1 ,Practice Book,PreSchool,Excellence Series Publishing ,,50,/PreSchool/Excellence/IMG_1352
Our World and Our People For Beginners KG2,Practice Book,PreSchool,Excellence Series Publishing ,,50,/PreSchool/Excellence/IMG_1353
Numeracy For Beginners KG1 WorkBook,Practice Book,PreSchool,Excellence Series Publishing ,,50,/PreSchool/Excellence/IMG_1354
Writing Book KG2,Practice Book,PreSchool,Golden Publishing ,,55,/PreSchool/Golden/IMG_1310
Writing Activity Book For KG2,Practice Book,PreSchool,Golden Publishing ,,55,/PreSchool/Golden/IMG_1311
Tracing And Cutting For Nursery ,Practice Book,PreSchool,Little Sage Publishing ,,40,/PreSchool/Little Sage/IMG_9688 2
Quintessential Montessori World KG 1,Sensoral Practice,PreSchool,NNF Books,,45,/PreSchool/NNF/IMG_9603
Quintessential Montessori World Nursery 1,Sensoral Practice,PreSchool,NNF Books,,50,/PreSchool/NNF/IMG_9628
Quintessential Montessori World KG 2,Sensoral Practice,PreSchool,NNF Books,,50,/PreSchool/NNF/IMG_9635
Getting Ready  For English (1b),Textbook,PreSchool,Allgoodbooks Publishing,,40,/PreSchool/AllGoodBooks/IMG_9666
Getting Ready  For English (1a),Textbook,PreSchool,Allgoodbooks Publishing,,40,/PreSchool/AllGoodBooks/IMG_9668
Getting Ready For Number Work (2a),Textbook,PreSchool,Allgoodbooks Publishing,,40,/PreSchool/AllGoodBooks/IMG_9669
Getting Ready For Number Work (1a),Textbook,PreSchool,Allgoodbooks Publishing,,40,/PreSchool/AllGoodBooks/IMG_9671
Getting Ready For English(1c),Textbook,PreSchool,Allgoodbooks Publishing,,40,/PreSchool/AllGoodBooks/IMG_96732
Getting Ready For English(2b),Textbook,PreSchool,Allgoodbooks Publishing,,40,/PreSchool/AllGoodBooks/IMG_96742
Getting Ready For English(2a),Textbook,PreSchool,Allgoodbooks Publishing,,40,/PreSchool/AllGoodBooks/IMG_96752
Getting Ready For Literacy Kindergarten 2,Textbook,PreSchool,Allgoodbooks Publishing,,40,/PreSchool/AllGoodBooks/IMG_96772
Getting Ready For Numeracy Kindergarten 2,Textbook,PreSchool,Allgoodbooks Publishing,,40,/PreSchool/AllGoodBooks/IMG_96782
Alpha Creative Arts Kindergarten 1,Textbook,PreSchool,Alpha Publishing ,,55,/PreSchool/Alpha_/IMG_1291
Alpha Language and Literacy kindergarten 2,Textbook,PreSchool,Alpha Publishing ,,55,/PreSchool/Alpha_/IMG_1292
Alpha Our World and Our People KG1,Textbook,PreSchool,Alpha Publishing ,,55,/PreSchool/Alpha_/IMG_1293
Alpha Numeracy Nursery 2,Textbook,PreSchool,Alpha Publishing ,,55,/PreSchool/Alpha_/IMG_1297
Numeracy,Textbook,PreSchool,Best Brain Publishing ,,40,/PreSchool/Best Brain/IMG_1397
Literacy KG 2,Textbook,PreSchool,Best Brain Publishing ,,50,/PreSchool/Best Brain/IMG_1398
Numeracy Nursery 2,Textbook,PreSchool,Best Brain Publishing ,,40,/PreSchool/Best Brain/IMG_1399
Literacy Nursery 2,Textbook,PreSchool,Best Brain Publishing ,,40,/PreSchool/Best Brain/IMG_1400
Literacy Nursery 1,Textbook,PreSchool,Best Brain Publishing ,,40,/PreSchool/Best Brain/IMG_1402
Numeracy KG2,Textbook,PreSchool,Best Brain Publishing ,,50,/PreSchool/Best Brain/IMG_1407
Numeracy KG1,Textbook,PreSchool,Best Brain Publishing ,,50,/PreSchool/Best Brain/IMG_1408
Language and Literacy For KG Book1,Textbook,PreSchool,Easy and Fun Publishing ,,65,/PreSchool/Easy Fun/IMG_1372
Language and Literacy For KG Book2,Textbook,PreSchool,Easy and Fun Publishing ,,65,/PreSchool/Easy Fun/IMG_1373
Our World Our People  KG2,Textbook,PreSchool,Easy and Fun Publishing ,,65,/PreSchool/Easy Fun/IMG_1374
Our World Our People  KG1,Textbook,PreSchool,Easy and Fun Publishing ,,65,/PreSchool/Easy Fun/IMG_1375
Maths For KG1,Textbook,PreSchool,Easy and Fun Publishing ,,65,/PreSchool/Easy Fun/IMG_1376
Numeracy For KG2,Textbook,PreSchool,Easy and Fun Publishing ,,65,/PreSchool/Easy Fun/IMG_1377
Our World & Our People (KG2),Textbook,Preschool,EBS,,60,/Primary and JHS/EBS_/IMG_0198
Literacy Nursery 1,Textbook,Preschool,EBS,,45,/Primary and JHS/EBS_/IMG_0201
Numeracy Nursery 1,Textbook,Preschool,EBS,,45,/Primary and JHS/EBS_/IMG_0202
Our World & Our People (B6),Textbook,Preschool,EBS,,50,/Primary and JHS/EBS_/IMG_0203
Practical Aid in Numeracy Nursery 1,Textbook,PreSchool,Excellence Series Publishing ,,45,/PreSchool/Excellence/IMG_1355
Practical Aid in Literacy Nursery 2,Textbook,PreSchool,Excellence Series Publishing ,,45,/PreSchool/Excellence/IMG_1356
Practical Aid in Writing For Nursery 1,Textbook,PreSchool,Excellence Series Publishing ,,45,/PreSchool/Excellence/IMG_1357
Practical Aid in Phonics Nursery 1,Textbook,PreSchool,Excellence Series Publishing ,,45,/PreSchool/Excellence/IMG_1358
Comprehensive Reading KG1 ,Textbook,PreSchool,Excellence Series Publishing ,,50,/PreSchool/Excellence/IMG_1359
Practical Aid in Colouring  KG1,Textbook,PreSchool,Excellence Series Publishing ,,50,/PreSchool/Excellence/IMG_1360
Practical Aid in Colouring  Nursery 1,Textbook,PreSchool,Excellence Series Publishing ,,45,/PreSchool/Excellence/IMG_1361
Practical Aid in Colouring  KG2,Textbook,PreSchool,Excellence Series Publishing ,,50,/PreSchool/Excellence/IMG_1362
Comprehensive Reading KG2,Textbook,PreSchool,Excellence Series Publishing ,,50,/PreSchool/Excellence/IMG_1363
Practical Aid in Writing  For KG2,Textbook,PreSchool,Excellence Series Publishing ,,50,/PreSchool/Excellence/IMG_1364
Practical Aid in Colouring  For Nursery 2,Textbook,PreSchool,Excellence Series Publishing ,,45,/PreSchool/Excellence/IMG_1365
Practical Aid in Phonics Nursery 2,Textbook,PreSchool,Excellence Series Publishing ,,45,/PreSchool/Excellence/IMG_1366
Practical Aid in Numeracy Nursery 2,Textbook,PreSchool,Excellence Series Publishing ,,45,/PreSchool/Excellence/IMG_1367
Practical Aid in Colouring   For Creche,Textbook,PreSchool,Excellence Series Publishing ,,45,/PreSchool/Excellence/IMG_1368
Practical Aid in Numeracy For Creche,Textbook,PreSchool,Excellence Series Publishing ,,45,/PreSchool/Excellence/IMG_1369
Practical Aid in Literacy Creche,Textbook,PreSchool,Excellence Series Publishing ,,45,/PreSchool/Excellence/IMG_1370
Practical Aid in Scribbling For Creche,Textbook,PreSchool,Excellence Series Publishing ,,45,/PreSchool/Excellence/IMG_1371
Contact Activity For Nursery,Textbook,Preschool,Family Issues Series,,50,/Primary and Jhs/Vestel Series_/Family Issues Series_/IMG_1794
Contact Colouring For KG,Textbook,Preschool,Family Issues Series,,50,/Primary and Jhs/Vestel Series_/Family Issues Series_/IMG_1796
Religious And Moral Education KG1,Textbook,PreSchool,Fun Series Publishing ,,50,/PreSchool/Fun/IMG_9545
Numeracy For KG1,Textbook,PreSchool,Fun Series Publishing ,,50,/PreSchool/Fun/IMG_9546
Creative Arts for KG1,Textbook,PreSchool,Fun Series Publishing ,,50,/PreSchool/Fun/IMG_9549
Science And Nature KG1,Textbook,PreSchool,Fun Series Publishing ,,50,/PreSchool/Fun/IMG_9550
Our World and Our People KG 1,Textbook,PreSchool,Fun Series Publishing ,,50,/PreSchool/Fun/IMG_9552
Fun Comprehensive English Reader vol 2,Textbook,PreSchool,Fun Series Publishing ,,50,/PreSchool/Fun/IMG_9555
Our World and Our People KG 2,Textbook,PreSchool,Fun Series Publishing ,,50,/PreSchool/Fun/IMG_9556
Religious And Moral Education KG2,Textbook,PreSchool,Fun Series Publishing ,,50,/PreSchool/Fun/IMG_9557
Science And Nature KG2,Textbook,PreSchool,Fun Series Publishing ,,50,/PreSchool/Fun/IMG_9558
Creative Arts For KG2,Textbook,PreSchool,Fun Series Publishing ,,50,/PreSchool/Fun/IMG_9560
Numeracy For KG2,Textbook,PreSchool,Fun Series Publishing ,,50,/PreSchool/Fun/IMG_9561
Phonetics Skills For KG2,Textbook,PreSchool,Fun Series Publishing ,,50,/PreSchool/Fun/IMG_9562
Fun Writing book For KG2,Textbook,PreSchool,Fun Series Publishing ,,50,/PreSchool/Fun/IMG_9563
Numeracy For Nursery 2,Textbook,PreSchool,Fun Series Publishing ,,45,/PreSchool/Fun/IMG_9564
Science and Nature for Nursery 2,Textbook,PreSchool,Fun Series Publishing ,,45,/PreSchool/Fun/IMG_9565
Creativity For Nursery 2,Textbook,PreSchool,Fun Series Publishing ,,45,/PreSchool/Fun/IMG_9566
Language Literacy Skills For Nursery 2,Textbook,PreSchool,Fun Series Publishing ,,45,/PreSchool/Fun/IMG_9567
Fun Scribbling for Nursery 2,Textbook,PreSchool,Fun Series Publishing ,,45,/PreSchool/Fun/IMG_9568
Fun Scribbling for Nursery 1,Textbook,PreSchool,Fun Series Publishing ,,45,/PreSchool/Fun/IMG_9570
Fun Colouring Book For Nursery 1,Textbook,PreSchool,Fun Series Publishing ,,45,/PreSchool/Fun/IMG_9571
Numeracy For Nursery 1,Textbook,PreSchool,Fun Series Publishing ,,45,/PreSchool/Fun/IMG_9572
ABC For Creche,Textbook,PreSchool,Fun Series Publishing ,,45,/PreSchool/Fun/IMG_9575
Write and Colour 1-10 for Creche 123,Textbook,PreSchool,Fun Series Publishing ,,45,/PreSchool/Fun/IMG_9576
Colouring Book For Creche,Textbook,PreSchool,Fun Series Publishing ,,45,/PreSchool/Fun/IMG_9577
Scribbling for Creche,Textbook,PreSchool,Fun Series Publishing ,,45,/PreSchool/Fun/IMG_9578
English KG1,Textbook,PreSchool,Golden Publishing ,,55,/PreSchool/Golden/IMG_1298
Mathematics  KG1 ,Textbook,PreSchool,Golden Publishing ,,55,/PreSchool/Golden/IMG_1299
Mathematics  KG2,Textbook,PreSchool,Golden Publishing ,,55,/PreSchool/Golden/IMG_1300
English KG2,Textbook,PreSchool,Golden Publishing ,,55,/PreSchool/Golden/IMG_1301
Our World Our People KG1,Textbook,PreSchool,Golden Publishing ,,55,/PreSchool/Golden/IMG_1302
Our World Our People KG2,Textbook,PreSchool,Golden Publishing ,,55,/PreSchool/Golden/IMG_1303
English For Nursery 1,Textbook,PreSchool,Golden Publishing ,,40,/PreSchool/Golden/IMG_1304
Mathematics For Nursery 1,Textbook,PreSchool,Golden Publishing ,,40,/PreSchool/Golden/IMG_1306
Colour Work For KG,Textbook,PreSchool,Golden Publishing ,,40,/PreSchool/Golden/IMG_1307
Colour Work For Nursery,Textbook,PreSchool,Golden Publishing ,,40,/PreSchool/Golden/IMG_1308
Writing Book KG1,Textbook,PreSchool,Golden Publishing ,,40,/PreSchool/Golden/IMG_1309
Phonics Nursery 2,Textbook,Preschool,Goodman Series,,55,/Primary and Jhs/Goodman/IMG_0165
Numeracy 2,Textbook,Preschool,Goodman Series,,55,/Primary and Jhs/Goodman/IMG_0167
Creative Arts KG 1,Textbook,Preschool,Kwadwoan Publishing,,55,/Primary and jhs/Kwadwoan Series/IMG_1537
Our Word & Our People KG,Textbook,Preschool,Kwadwoan Publishing,,55,/Primary and jhs/Kwadwoan Series/IMG_1538
Numercy KG 1,Textbook,Preschool,Kwadwoan Publishing,,55,/Primary and jhs/Kwadwoan Series/IMG_1539
Numercy Nursery 2,Textbook,Preschool,Kwadwoan Publishing,,55,/Primary and jhs/Kwadwoan Series/IMG_1540
Literacy Nursery 1,Textbook,Preschool,Kwadwoan Publishing,,55,/Primary and jhs/Kwadwoan Series/IMG_1541
Numercy Nursery 1,Textbook,Preschool,Kwadwoan Publishing,,55,/Primary and jhs/Kwadwoan Series/IMG_1542
Literacy Nursery 2,Textbook,Preschool,Kwadwoan Publishing,,55,/Primary and jhs/Kwadwoan Series/IMG_1543
Blends And Digraphs KG and Lower Primary,Textbook,PreSchool,Little Sage Publishing ,,50,/PreSchool/Little Sage/IMG_1417
Colouring Book For Nursery,Textbook,PreSchool,Little Sage Publishing ,,40,/PreSchool/Little Sage/IMG_9685 2
Crayon 123 Colouring ,Textbook,PreSchool,Little Sage Publishing ,,40,/PreSchool/Little Sage/IMG_9686 2
Grammar KG 2,Textbook,Preschool,made easy,,50,/Primary and Jhs/made easy/IMG_1887
Grammar KG 1,Textbook,Preschool,made easy,,50,/Primary and Jhs/made easy/IMG_1888
Essential Montessori English Reading and Comprehension KG 1,Textbook,PreSchool,NNF Books,,45,/PreSchool/NNF/IMG_9606
Essential Montessori Environmental Studies Nursery 2,Textbook,PreSchool,NNF Books,,40,/PreSchool/NNF/IMG_9607
Essential Montessori Writing Skills Nursery 2,Textbook,PreSchool,NNF Books,,40,/PreSchool/NNF/IMG_9608
Essential Montessori Numeracy Skills Nursery 2,Textbook,PreSchool,NNF Books,,40,/PreSchool/NNF/IMG_9609
Essential Montessori Literacy Skills Nursery 2,Textbook,PreSchool,NNF Books,,40,/PreSchool/NNF/IMG_9610
Essential Montessori Natural Science Skills Nursery 2,Textbook,PreSchool,NNF Books,,40,/PreSchool/NNF/IMG_9611
Essential Montessori Phonics Nursery 2,Textbook,PreSchool,NNF Books,,40,/PreSchool/NNF/IMG_9612
Essential Montessori Phonics Nursery 1,Textbook,PreSchool,NNF Books,,40,/PreSchool/NNF/IMG_9613
Essential Montessori Natural Science Skills KG 1,Textbook,PreSchool,NNF Books,,45,/PreSchool/NNF/IMG_9614
Essential Montessori Phonics KG 1,Textbook,PreSchool,NNF Books,,45,/PreSchool/NNF/IMG_9615
Essential Montessori Environmental Studies KG 1,Textbook,PreSchool,NNF Books,,45,/PreSchool/NNF/IMG_9616
Essential Montessori Natural Science Skills KG 2,Textbook,PreSchool,NNF Books,,45,/PreSchool/NNF/IMG_9617
Essential Montessori Writing Skills KG 2,Textbook,PreSchool,NNF Books,,45,/PreSchool/NNF/IMG_9618
Essential Montessori Phonics KG 2,Textbook,PreSchool,NNF Books,,45,/PreSchool/NNF/IMG_9619
Essential Montessori Environmental Studies KG 2,Textbook,PreSchool,NNF Books,,45,/PreSchool/NNF/IMG_9620
Essential Montessori Literacy Skills KG 2,Textbook,PreSchool,NNF Books,,45,/PreSchool/NNF/IMG_9621
Essential Montessori Numeracy Skills KG 2,Textbook,PreSchool,NNF Books,,45,/PreSchool/NNF/IMG_9622
Essential Montessori Natural Science Skills Nursery 1,Textbook,PreSchool,NNF Books,,40,/PreSchool/NNF/IMG_9623
Essential Montessori Numeracy Skills Nursery 1,Textbook,PreSchool,NNF Books,,40,/PreSchool/NNF/IMG_9624
Essential Montessori Literacy Skills Nursery 1,Textbook,PreSchool,NNF Books,,40,/PreSchool/NNF/IMG_9625
Essential Montessori Environmental Studies Nursery 1,Textbook,PreSchool,NNF Books,,40,/PreSchool/NNF/IMG_9626
Essential Montessori Writing Skills Nursery 1,Textbook,PreSchool,NNF Books,,40,/PreSchool/NNF/IMG_9627
Geography Skills Nursery 2,Textbook,PreSchool,NNF Books,,50,/PreSchool/NNF/IMG_9629
Quintessential Montessori Phonics Nursery 2,Textbook,PreSchool,NNF Books,,50,/PreSchool/NNF/IMG_9631
Geography Skills KG 1,Textbook,PreSchool,NNF Books,,50,/PreSchool/NNF/IMG_9636
Geography Skills KG 2,Textbook,PreSchool,NNF Books,,50,/PreSchool/NNF/IMG_9643
Language and Literacy KG 2,Textbook,PreSchool,Perfect Series,,50,/PreSchool/Perfect_/IMG_9579
Numeracy Nursery 1,Textbook,PreSchool,Perfect Series,,57,/PreSchool/Perfect_/IMG_9580
Numeracy KG 2,Textbook,PreSchool,Perfect Series,,50,/PreSchool/Perfect_/IMG_9581
Literacy Nursery 2,Textbook,PreSchool,Perfect Series,,50,/PreSchool/Perfect_/IMG_9583
Phonics Nursery 1,Textbook,Preschool,Potosky Series,,,/Primary and Jhs/Potosky Series/IMG_1591
Writing Skills Nursery 1,Textbook,Preschool,Potosky Series,,50,/Primary and Jhs/Potosky Series/IMG_1592
Literacy Nursery 1,Textbook,Preschool,Potosky Series,,50,/Primary and Jhs/Potosky Series/IMG_1593
Creative Arts Nursery 2,Textbook,Preschool,Potosky Series,,50,/Primary and Jhs/Potosky Series/IMG_1594
Writing Skills Nursery 2,Textbook,Preschool,Potosky Series,,50,/Primary and Jhs/Potosky Series/IMG_1595
Numeracy for Nursery 2,Textbook,Preschool,Potosky Series,,50,/Primary and Jhs/Potosky Series/IMG_1596
Literacy Nursery 2,Textbook,Preschool,Potosky Series,,50,/Primary and Jhs/Potosky Series/IMG_1597
Reading & Colouring Nursery 2,Textbook,Preschool,Potosky Series,,50,/Primary and Jhs/Potosky Series/IMG_1598
Phonics Nursery 2,Textbook,Preschool,Potosky Series,,50,/Primary and Jhs/Potosky Series/IMG_1599
Reading & Activities KG 1,Textbook,PreSchool,Unique Field,,45,/PreSchool/Unique Field/IMG_9645
Comprehension KG 1,Textbook,PreSchool,Unique Field,,45,/PreSchool/Unique Field/IMG_9648
Phonics & Alphabet KG 1,Textbook,PreSchool,Unique Field,,45,/PreSchool/Unique Field/IMG_9649
Reading & Activities KG 2,Textbook,PreSchool,Unique Field,,45,/PreSchool/Unique Field/IMG_9651
Comprehension KG 2,Textbook,PreSchool,Unique Field,,45,/PreSchool/Unique Field/IMG_9653
Shapes and Colours Nursery 1,Textbook,PreSchool,Unique Field,,45,/PreSchool/Unique Field/IMG_9656
Phonics & Alphabet Nursery 2,Textbook,PreSchool,Unique Field,,45,/PreSchool/Unique Field/IMG_9660
Reading & Activities Nursery 2,Textbook,PreSchool,Unique Field,,45,/PreSchool/Unique Field/IMG_9661
Shapes and Colours Nursery 2,Textbook,PreSchool,Unique Field,,45,/PreSchool/Unique Field/IMG_9663
Literacy Nursery 1,Textbook,PreSchool,Wise Ant,,40,/PreSchool/Wise Ant/IMG_9584
Numeracy Nursery 1,Textbook,PreSchool,Wise Ant,,40,/PreSchool/Wise Ant/IMG_9585
Numeracy KG 2,Textbook,PreSchool,Wise Ant,,50,/PreSchool/Wise Ant/IMG_9587
Creative Arts KG 1,Textbook,PreSchool,Wise Ant,,50,/PreSchool/Wise Ant/IMG_9588
English: Language and Literacy KG 1,Textbook,PreSchool,Wise Ant,,50,/PreSchool/Wise Ant/IMG_9589
Essential Creative Writing KG 1,WorkBook,PreSchool,NNF Books,,45,/PreSchool/NNF/IMG_9602
Essential Arts and Colouring KG 1,WorkBook,PreSchool,NNF Books,,45,/PreSchool/NNF/IMG_9605
Essential Our World Our People KG 1,WorkBook,PreSchool,NNF Books,,50,/PreSchool/NNF/IMG_9632
Essential Language and Literacy KG 2,WorkBook,PreSchool,NNF Books,,50,/PreSchool/NNF/IMG_9634
Essential Creative Writing KG 2,WorkBook,PreSchool,NNF Books,,50,/PreSchool/NNF/IMG_9637
Essential Creative Arts KG 1,WorkBook,PreSchool,NNF Books,,50,/PreSchool/NNF/IMG_9638
Essential Creative Arts KG 2,WorkBook,PreSchool,NNF Books,,50,/PreSchool/NNF/IMG_9639
Essential Mathematics KG 2,WorkBook,PreSchool,NNF Books,,50,/PreSchool/NNF/IMG_9640
Essential Mathematics KG 1,WorkBook,PreSchool,NNF Books,,50,/PreSchool/NNF/IMG_9641
Essential Language and Literacy KG 1,WorkBook,PreSchool,NNF Books,,50,/PreSchool/NNF/IMG_9642
Number Workbook 5+ Years,Workbook,PreSchool,Pace Learning Resources Publishing ,,50,/Preschool/pace/IMG_1395
Our World and Our People KG 1,WorkBook,PreSchool,Unique Field,,45,/PreSchool/Unique Field/IMG_9647 2
HandWriting Book KG 1,Writing Book,PreSchool,Unique Field,,45,/PreSchool/Unique Field/IMG_9644
HandWriting Book KG 2,Writing Book,PreSchool,Unique Field,,45,/PreSchool/Unique Field/IMG_9650
Handwriting Book Nursery 2,Writing Book,PreSchool,Unique Field,,45,/PreSchool/Unique Field/IMG_9662
Phonics workbook grade 4,Activity book,Primary,made easy,,60,/Primary and Jhs/made easy/IMG_1881
Phonics workbook grade 6,Activity book,Primary,made easy,,60,/Primary and Jhs/made easy/IMG_1882
A Complete Science (B9),Textbook,Primary,Advocate,,60,/Primary and JHS/Afram/IMG_0480
Religiuos & Moral Education (B2),Textbook,Primary,Adwinsa Publications (GH) Ltd,,60,/Primary and JHS/Adwinsa/IMG_1858
Religiuos & Moral Education (B1),Textbook,Primary,Adwinsa Publications (GH) Ltd,,70,/Primary and JHS/Adwinsa/IMG_1859
Bonjour Amis (B4),Textbook,Primary,Adwinsa Publications (GH) Ltd,,60,/Primary and JHS/Adwinsa/IMG_1863
Bonjour Amis (B5),Textbook,Primary,Adwinsa Publications (GH) Ltd,,60,/Primary and JHS/Adwinsa/IMG_1864
Bonjour Amis (B6),Textbook,Primary,Adwinsa Publications (GH) Ltd,,60,/Primary and JHS/Adwinsa/IMG_1865
Bonjour Amis (B1),Textbook,Primary,Adwinsa Publications (GH) Ltd,,55,/Primary and JHS/Adwinsa/IMG_1866
Bonjour Amis (B2),Textbook,Primary,Adwinsa Publications (GH) Ltd,,55,/Primary and JHS/Adwinsa/IMG_1867
Bonjour Amis (B3),Textbook,Primary,Adwinsa Publications (GH) Ltd,,55,/Primary and JHS/Adwinsa/IMG_1868
Mathematics (B6),Textbook,Primary,Adwinsa Publications (GH) Ltd,,60,/Primary and JHS/Adwinsa/IMG_1899
Mathematics (B1),Textbook,Primary,Adwinsa Publications (GH) Ltd,,60,/Primary and JHS/Adwinsa/IMG_1900
Mathematics (B2),Textbook,Primary,Adwinsa Publications (GH) Ltd,,60,/Primary and JHS/Adwinsa/IMG_1901
Mathematics (B3),Textbook,Primary,Adwinsa Publications (GH) Ltd,,60,/Primary and JHS/Adwinsa/IMG_1902
Mathematics (B4),Textbook,Primary,Adwinsa Publications (GH) Ltd,,60,/Primary and JHS/Adwinsa/IMG_1903
Adwinsa Science basic 5,Textbook,Primary,Adwinsa Publications (GH) Ltd,,60,/Primary and Jhs/Vestel Series_/Adwinsa series_/IMG_1894
A Complete Mathematics (B3),Textbook,Primary,Afram,,70,/Primary and JHS/Afram/IMG_0475
A Complete Mathematics (B2),Textbook,Primary,Afram,,70,/Primary and JHS/Afram/IMG_0476
A Complete English Language (B1),Textbook,Primary,Afram,,70,/Primary and JHS/Afram/IMG_0477
A Complete English Language (B3),Textbook,Primary,Afram,,70,/Primary and JHS/Afram/IMG_0478
A Complete English Language (B2),Textbook,Primary,Afram,,70,/Primary and JHS/Afram/IMG_0479
Akanfo Amammer3,Textbook,Primary,Akanfo,,50,/Primary and Jhs/Vestel Series_/Akanfo ammanmere/IMG_1811
Ultimate English book 6,Textbook,Primary,Allgoodbooks Publishing,,70,/Primary and Jhs/Vestel Series_/Ultimate Series_/IMG_1890
Ultimate English Book 5,Textbook,Primary,Allgoodbooks Publishing,,70,/SecSchool/Ultimate series/IMG_1889
Ultimate English Book 6,Textbook,Primary,Allgoodbooks Publishing,,70,/SecSchool/Ultimate series/IMG_1890
Ultimate English Book 4,Textbook,Primary,Allgoodbooks Publishing,,70,/SecSchool/Ultimate series/IMG_1891
Mathematics vol 2,Textbook,Primary,Baffour-Ba Series,,150,/primary and  Jhs/Vestel Series_/Core Math/IMG_1916
Mathematics vol 1,Textbook,Primary,Baffour-Ba Series,,150,/primary and  Jhs/Vestel Series_/Core Math/IMG_1917
English Language (B5),Textbook,Primary,Best Brain Publishing ,,70,/Primary and JHS/Best Brain/IMG_0026
English Language (B4),Textbook,Primary,Best Brain Publishing ,,70,/Primary and JHS/Best Brain/IMG_0027
English Language (B1),Textbook,Primary,Best Brain Publishing ,,70,/Primary and JHS/Best Brain/IMG_0034
Religious & Moral Education (B6),Textbook,Primary,Best Brain Publishing ,,60,/Primary and JHS/Best Brain/IMG_0052
Religious & Moral Education (B3),Textbook,Primary,Best Brain Publishing ,,60,/Primary and JHS/Best Brain/IMG_0053
Religious & Moral Education (B2),Textbook,Primary,Best Brain Publishing ,,60,/Primary and JHS/Best Brain/IMG_0054
Religious & Moral Education (B1),Textbook,Primary,Best Brain Publishing ,,60,/Primary and JHS/Best Brain/IMG_0055
Religious & Moral Education (B5),Textbook,Primary,Best Brain Publishing ,,60,/Primary and JHS/Best Brain/IMG_0056
Religious & Moral Education (B4),Textbook,Primary,Best Brain Publishing ,,60,/Primary and JHS/Best Brain/IMG_0057
Creative Arts & Design (B5),Textbook,Primary,Best Brain Publishing ,,65,/Primary and JHS/Best Brain/IMG_0058
Creative Arts & Design (B1),Textbook,Primary,Best Brain Publishing ,,65,/Primary and JHS/Best Brain/IMG_0059
Creative Arts & Design (B3),Textbook,Primary,Best Brain Publishing ,,65,/Primary and JHS/Best Brain/IMG_0060
Creative Arts & Design (B6),Textbook,Primary,Best Brain Publishing ,,65,/Primary and JHS/Best Brain/IMG_0061
Computing (B4),Textbook,Primary,Best Brain Publishing ,,65,/Primary and JHS/Best Brain/IMG_0062
Information & Communications Technology  (B3),Textbook,Primary,Best Brain Publishing ,,60,/Primary and JHS/Best Brain/IMG_0063
Information & Communications Technology  (B2),Textbook,Primary,Best Brain Publishing ,,60,/Primary and JHS/Best Brain/IMG_0064
Information & Communications Technology  (B1),Textbook,Primary,Best Brain Publishing ,,60,/Primary and JHS/Best Brain/IMG_0065
Computing (B5),Textbook,Primary,Best Brain Publishing ,,70,/Primary and JHS/Best Brain/IMG_0066
Computing (B6),Textbook,Primary,Best Brain Publishing ,,70,/Primary and JHS/Best Brain/IMG_0067
Mathematics (B3),Textbook,Primary,Best Brain Publishing ,,70,/Primary and JHS/Best Brain/IMG_0084
Mathematics (B2),Textbook,Primary,Best Brain Publishing ,,70,/Primary and JHS/Best Brain/IMG_0085
Mathematics (B1),Textbook,Primary,Best Brain Publishing ,,70,/Primary and JHS/Best Brain/IMG_0086
History  of Ghana (B5),Textbook,Primary,Best Brain Publishing ,,60,/Primary and JHS/Best Brain/IMG_0088
History  of Ghana (B4),Textbook,Primary,Best Brain Publishing ,,60,/Primary and JHS/Best Brain/IMG_0089
History  of Ghana (B3),Textbook,Primary,Best Brain Publishing ,,60,/Primary and JHS/Best Brain/IMG_0090
History  of Ghana (B2),Textbook,Primary,Best Brain Publishing ,,60,/Primary and JHS/Best Brain/IMG_0091
History  of Ghana (B1),Textbook,Primary,Best Brain Publishing ,,60,/Primary and JHS/Best Brain/IMG_0092
English Language (B1),Textbook,Primary,Calculus Series,,70,/Primary and JHS/Best Brain/IMG_0409
Science (B1),Textbook,Primary,Don Series,,70,/Primary and JHS/Don Series/IMG_1422
Science (B2),Textbook,Primary,Don Series,,70,/Primary and JHS/Don Series/IMG_1423
Science (B3),Textbook,Primary,Don Series,,70,/Primary and JHS/Don Series/IMG_1425
Science (B4),Textbook,Primary,Don Series,,70,/Primary and JHS/Don Series/IMG_1426
Science (B5),Textbook,Primary,Don Series,,70,/Primary and JHS/Don Series/IMG_1427
English (B3),Textbook,Primary,Don Series,,70,/Primary and JHS/Don Series/IMG_1444
Computing (B5),Textbook,Primary,Don Series,,70,/Primary and JHS/Don Series/IMG_1454
Computing (B6),Textbook,Primary,Don Series,,70,/Primary and JHS/Don Series/IMG_1455
English (B9),Textbook,Primary,Don Series,,70,/Primary and JHS/Don Series/IMG_1457
Our World & Our People (B4),Textbook,Primary,EBS,,50,/Primary and JHS/EBS_/IMG_0204
Our World & Our People (B1),Textbook,Primary,EBS,,50,/Primary and JHS/EBS_/IMG_0205
Our World & Our People (B2),Textbook,Primary,EBS,,50,/Primary and JHS/EBS_/IMG_0206
Our World & Our People (B5),Textbook,Primary,EBS,,50,/Primary and JHS/EBS_/IMG_0207
English Language (B7),Textbook,Primary,EBS,,70,/Primary and JHS/EBS_/IMG_0208
Religious & Moral Education (B1),Textbook,Primary,EBS,,50,/Primary and JHS/EBS_/IMG_0237
Religious & Moral Education (B3),Textbook,Primary,EBS,,50,/Primary and JHS/EBS_/IMG_0238
Religious & Moral Education (B5),Textbook,Primary,EBS,,50,/Primary and JHS/EBS_/IMG_0239
Religious & Moral Education (B2),Textbook,Primary,EBS,,50,/Primary and JHS/EBS_/IMG_0240
Religious & Moral Education (B7),Textbook,Primary,EBS,,70,/Primary and JHS/EBS_/IMG_0241
Career Technology ,Textbook,Primary,Excellence Series Publishing ,,150,/Primary and JHS/Excellence/IMG_0021
Our World & Our People (B3),Textbook,Primary,Excellence Series Publishing ,,50,/Primary and JHS/Excellence/IMG_9970
Our World & Our People (B4),Textbook,Primary,Excellence Series Publishing ,,50,/Primary and JHS/Excellence/IMG_9971
Our World & Our People (B5),Textbook,Primary,Excellence Series Publishing ,,50,/Primary and JHS/Excellence/IMG_9972
History (B2),Textbook,Primary,Excellence Series Publishing ,,50,/Primary and JHS/Excellence/IMG_9973
History (B1),Textbook,Primary,Excellence Series Publishing ,,50,/Primary and JHS/Excellence/IMG_9974
History (B6),Textbook,Primary,Excellence Series Publishing ,,50,/Primary and JHS/Excellence/IMG_9975
History (B4),Textbook,Primary,Excellence Series Publishing ,,50,/Primary and JHS/Excellence/IMG_9976
History (B3),Textbook,Primary,Excellence Series Publishing ,,50,/Primary and JHS/Excellence/IMG_9977
History (B5),Textbook,Primary,Excellence Series Publishing ,,50,/Primary and JHS/Excellence/IMG_9978
Creative Arts (B3),Textbook,Primary,Excellence Series Publishing ,,50,/Primary and JHS/Excellence/IMG_9979
Creative Arts (B6),Textbook,Primary,Excellence Series Publishing ,,60,/Primary and JHS/Excellence/IMG_9980
Creative Arts (B5),Textbook,Primary,Excellence Series Publishing ,,60,/Primary and JHS/Excellence/IMG_9981
Creative Arts (B4),Textbook,Primary,Excellence Series Publishing ,,60,/Primary and JHS/Excellence/IMG_9982
Mathematics (B4),Textbook,Primary,Excellence Series Publishing ,,60,/Primary and JHS/Excellence/IMG_9983
Mathematics (B6),Textbook,Primary,Excellence Series Publishing ,,60,/Primary and JHS/Excellence/IMG_9984
Mathematics (B5),Textbook,Primary,Excellence Series Publishing ,,60,/Primary and JHS/Excellence/IMG_9985
Computing (B1),Textbook,Primary,Excellence Series Publishing ,,60,/Primary and JHS/Excellence/IMG_9994
Phonics on Track basic 4,Textbook,Primary,Family Issues Series,,50,/Primary and Jhs/Vestel Series_/Family Issues Series_/IMG_1784
Phonics on Track basic 6,Textbook,Primary,Family Issues Series,,50,/Primary and Jhs/Vestel Series_/Family Issues Series_/IMG_1785
Phonics On Track Basic 3 ,Textbook,Primary,Family Issues Series,,50,/Primary and Jhs/Vestel Series_/Family Issues Series_/IMG_1786
Phonics On Track Basic 1,Textbook,Primary,Family Issues Series,,50,/Primary and Jhs/Vestel Series_/Family Issues Series_/IMG_1787
Phonics On Track Basic 2,Textbook,Primary,Family Issues Series,,50,/Primary and Jhs/Vestel Series_/Family Issues Series_/IMG_1788
Phonics On Track Basic 5,Textbook,Primary,Family Issues Series,,50,/Primary and Jhs/Vestel Series_/Family Issues Series_/IMG_1789
Phonics for Beginners,Textbook,Primary,Family Issues Series,,50,/Primary and Jhs/Vestel Series_/Family Issues Series_/IMG_1790
Literacy Lens,Textbook,Primary,Family Issues Series,,50,/Primary and Jhs/Vestel Series_/Family Issues Series_/IMG_1792
Contact Spelling For Early Learners,Textbook,Primary,Family Issues Series,,50,/Primary and Jhs/Vestel Series_/Family Issues Series_/IMG_1793
Religious & Moral Education (B3),Textbook,Primary,Flamingo Series,,50,/Primary and JHS/Flamingo Series/IMG_1815
Religious & Moral Education (B5),Textbook,Primary,Flamingo Series,,50,/Primary and JHS/Flamingo Series/IMG_1816
Religious & Moral Education (B6),Textbook,Primary,Flamingo Series,,50,/Primary and JHS/Flamingo Series/IMG_1817
Religious & Moral Education (B4),Textbook,Primary,Flamingo Series,,50,/Primary and JHS/Flamingo Series/IMG_1818
Religious & Moral Education (B1),Textbook,Primary,Flamingo Series,,50,/Primary and JHS/Flamingo Series/IMG_1819
Religious & Moral Education (B2),Textbook,Primary,Flamingo Series,,50,/Primary and JHS/Flamingo Series/IMG_1820
Religious & Moral Education (B8),Textbook,Primary,Flamingo Series,,50,/Primary and JHS/Flamingo Series/IMG_1821
Mathematics Basic 1,Textbook,Primary,Fun Series Publishing ,,60,/Primary and jhs/Fun/IMG_0338
Mathematics Basic 6,Textbook,Primary,Fun Series Publishing ,,60,/Primary and jhs/Fun/IMG_0339
Mathematics Basic 5,Textbook,Primary,Fun Series Publishing ,,60,/Primary and jhs/Fun/IMG_0340
Mathematics Basic 3,Textbook,Primary,Fun Series Publishing ,,60,/Primary and jhs/Fun/IMG_0341
Mathematics Basic 4,Textbook,Primary,Fun Series Publishing ,,60,/Primary and jhs/Fun/IMG_0342
Mathematics Basic 2,Textbook,Primary,Fun Series Publishing ,,60,/Primary and jhs/Fun/IMG_0343
Science Basic 2,Textbook,Primary,Fun Series Publishing ,,60,/Primary and jhs/Fun/IMG_0344
Science Basic 5,Textbook,Primary,Fun Series Publishing ,,60,/Primary and jhs/Fun/IMG_0345
Science Basic 3,Textbook,Primary,Fun Series Publishing ,,60,/Primary and jhs/Fun/IMG_0346
Science Basic 4,Textbook,Primary,Fun Series Publishing ,,60,/Primary and jhs/Fun/IMG_0347
Science Basic 1,Textbook,Primary,Fun Series Publishing ,,60,/Primary and jhs/Fun/IMG_0348
Science Basic 6,Textbook,Primary,Fun Series Publishing ,,60,/Primary and jhs/Fun/IMG_0349
English Basic 6,Textbook,Primary,Fun Series Publishing ,,60,/Primary and jhs/Fun/IMG_0350
English Basic 2,Textbook,Primary,Fun Series Publishing ,,60,/Primary and jhs/Fun/IMG_0352
Mathematics basic 4,Textbook,Primary,Golden Publishing ,,65,/Primary and Jhs/Golden/IMG_0101
Mathematics basic 3,Textbook,Primary,Golden Publishing ,,65,/Primary and Jhs/Golden/IMG_0102
Mathematics basic 2,Textbook,Primary,Golden Publishing ,,65,/Primary and Jhs/Golden/IMG_0103
Mathematics basic 1,Textbook,Primary,Golden Publishing ,,65,/Primary and Jhs/Golden/IMG_0104
History of Ghana Basic 2,Textbook,Primary,Golden Publishing ,,45,/Primary and Jhs/Golden/IMG_0105
RME basic 1,Textbook,Primary,Golden Publishing ,,45,/Primary and Jhs/Golden/IMG_0106
RME basic 2,Textbook,Primary,Golden Publishing ,,45,/Primary and Jhs/Golden/IMG_0107
RME basic 3,Textbook,Primary,Golden Publishing ,,45,/Primary and Jhs/Golden/IMG_0108
RME basic 4,Textbook,Primary,Golden Publishing ,,45,/Primary and Jhs/Golden/IMG_0109
RME basic 5,Textbook,Primary,Golden Publishing ,,45,/Primary and Jhs/Golden/IMG_0110
RME basic 6,Textbook,Primary,Golden Publishing ,,45,/Primary and Jhs/Golden/IMG_0111
History Of Ghana Basic 4,Textbook,Primary,Golden Publishing ,,45,/Primary and Jhs/Golden/IMG_0112
History Of Ghana Basic 1,Textbook,Primary,Golden Publishing ,,45,/Primary and Jhs/Golden/IMG_0113
History Of Ghana Basic 3,Textbook,Primary,Golden Publishing ,,45,/Primary and Jhs/Golden/IMG_0114
Our World and Our People Basic 6,Textbook,Primary,Golden Publishing ,,60,/Primary and Jhs/Golden/IMG_0115
Our World and Our People Basic 5,Textbook,Primary,Golden Publishing ,,60,/Primary and Jhs/Golden/IMG_0116
Computing basic 4,Textbook,Primary,Golden Publishing ,,60,/Primary and Jhs/Golden/IMG_0118
English Basic 3,Textbook,Primary,Golden Publishing ,,70,/Primary and Jhs/Golden/IMG_0134
French Basic 6,Textbook,Primary,Kwadwoan Publishing,,55,/Primary and jhs/Kwadwoan Series/IMG_1544
French Basic 2,Textbook,Primary,Kwadwoan Publishing,,45,/Primary and jhs/Kwadwoan Series/IMG_1545
French Basic 3,Textbook,Primary,Kwadwoan Publishing,,45,/Primary and jhs/Kwadwoan Series/IMG_1546
Religious and Moral Education Basic 4,Textbook,Primary,Kwadwoan Publishing,,65,/Primary and jhs/Kwadwoan Series/IMG_1558
Science Basic 6,Textbook,Primary,Kwadwoan Publishing,,65,/Primary and jhs/Kwadwoan Series/IMG_1559
Science Basic 4,Textbook,Primary,Kwadwoan Publishing,,65,/Primary and jhs/Kwadwoan Series/IMG_1560
Science Basic 1,Textbook,Primary,Kwadwoan Publishing,,65,/Primary and jhs/Kwadwoan Series/IMG_1561
Science Basic 3,Textbook,Primary,Kwadwoan Publishing,,65,/Primary and jhs/Kwadwoan Series/IMG_1562
Science Basic 2,Textbook,Primary,Kwadwoan Publishing,,65,/Primary and jhs/Kwadwoan Series/IMG_1563
Mathematics Basic 2,Textbook,Primary,Kwadwoan Publishing,,65,/Primary and jhs/Kwadwoan Series/IMG_1571
Mathematics Basic 5,Textbook,Primary,Kwadwoan Publishing,,65,/Primary and jhs/Kwadwoan Series/IMG_1572
Mathematics Basic 4,Textbook,Primary,Kwadwoan Publishing,,65,/Primary and jhs/Kwadwoan Series/IMG_1573
Mathematics Basic 6,Textbook,Primary,Kwadwoan Publishing,,65,/Primary and jhs/Kwadwoan Series/IMG_1574
Steps to Verbal Reasoning Basic 2,Textbook,Primary,Lantern,,60,/Primary and jhs/lantern/IMG_0322
Steps to Quantitative Reasoning Basic 2,Textbook,Primary,Lantern,,60,/Primary and jhs/lantern/IMG_0323
Steps to Quantitative Reasoning Basic 1,Textbook,Primary,Lantern,,60,/Primary and jhs/lantern/IMG_0324
Steps to Verbal Reasoning Basic 1,Textbook,Primary,Lantern,,60,/Primary and jhs/lantern/IMG_0325
Phonics grade 5,Textbook,primary,made easy,,60,/Primary and Jhs/made easy/IMG_1883
Grammar grade 6,Textbook,Primary,made easy,,60,/Primary and Jhs/made easy/IMG_1884
Grammar grade 1,Textbook,Primary,made easy,,60,/Primary and Jhs/made easy/IMG_1885
Grammar grade 4,Textbook,Primary,made easy,,60,/Primary and Jhs/made easy/IMG_1886
Expressive Creative Arts basic 1,Textbook,Primary,Masterman Publishing ,,50,/Primary and Jhs/Master Man/IMG_1486
Expressive Creative Arts basic 3,Textbook,Primary,Masterman Publishing ,,50,/Primary and Jhs/Master Man/IMG_1487
Expressive Creative Arts basic 5,Textbook,Primary,Masterman Publishing ,,50,/Primary and Jhs/Master Man/IMG_1488
Expressive Creative Arts basic 4,Textbook,Primary,Masterman Publishing ,,50,/Primary and Jhs/Master Man/IMG_1489
Expressive Creative Arts basic 6,Textbook,Primary,Masterman Publishing ,,50,/Primary and Jhs/Master Man/IMG_1490
New Age Science basic 5,Textbook,Primary,Masterman Publishing ,,55,/Primary and Jhs/Master Man/IMG_1491
New Age Science basic 1,Textbook,Primary,Masterman Publishing ,,55,/Primary and Jhs/Master Man/IMG_1492
Practical Mathematics basic 1,Textbook,Primary,Masterman Publishing ,,65,/Primary and Jhs/Master Man/IMG_1476
Practical Mathematics basic 3,Textbook,Primary,Masterman Publishing ,,65,/Primary and Jhs/Master Man/IMG_1478
Practical Mathematics basic 4,Textbook,Primary,Masterman Publishing ,,65,/Primary and Jhs/Master Man/IMG_1479
Practical Mathematics basic 5,Textbook,Primary,Masterman Publishing ,,65,/Primary and Jhs/Master Man/IMG_1480
Quoi De NEUF French course basic 4,Textbook,Primary,Masterman Publishing ,,40,/Primary and Jhs/Master Man/IMG_1481
Quoi De NEUF French course basic 5,Textbook,Primary,Masterman Publishing ,,40,/Primary and Jhs/Master Man/IMG_1482
Religious And Moral Education 1-3,Textbook,Primary,Masterman Publishing ,,150,/Primary and Jhs/Master Man/IMG_1483
Career Technology 1-3,Textbook,Primary,Masterman Publishing ,,150,/Primary and Jhs/Master Man/IMG_1484
Expressive Creative Arts basic 2,Textbook,Primary,Masterman Publishing ,,50,/Primary and Jhs/Master Man/IMG_1485
Computing basic 3,Textbook,Primary,Masters Publication ,,,/Primary and Jhs/vestel Series_/Manster Series_/IMG_1814
RME basic 2,Textbook,Primary,Masters Publication ,,60,/Primary and Jhs/Masters/IMG_0266
Essential English (B5),Textbook,Primary,NNF Books,,85,/Primary and JHS/Essential_/IMG_9898
Essential English (B2),Textbook,Primary,NNF Books,,85,/Primary and JHS/Essential_/IMG_9899
Essential English (B6),Textbook,Primary,NNF Books,,85,/Primary and JHS/Essential_/IMG_9900
Essential History of Ghana (B1),Textbook,Primary,NNF Books,,50,/Primary and JHS/Essential_/IMG_9901
Essential History of Ghana (B2),Textbook,Primary,NNF Books,,50,/Primary and JHS/Essential_/IMG_9903
Essential History of Ghana (B3),Textbook,Primary,NNF Books,,50,/Primary and JHS/Essential_/IMG_9904
Essential History of Ghana (B4),Textbook,Primary,NNF Books,,50,/Primary and JHS/Essential_/IMG_9905
Essential History of Ghana (B5),Textbook,Primary,NNF Books,,50,/Primary and JHS/Essential_/IMG_9906
Essential History of Ghana (B6),Textbook,Primary,NNF Books,,50,/Primary and JHS/Essential_/IMG_9907
Essential French (B1),Textbook,Primary,NNF Books,,55,/Primary and JHS/Essential_/IMG_9909
Essential French (B2),Textbook,Primary,NNF Books,,55,/Primary and JHS/Essential_/IMG_9910
Essential French (B3),Textbook,Primary,NNF Books,,55,/Primary and JHS/Essential_/IMG_9911
Essential French (B4),Textbook,Primary,NNF Books,,55,/Primary and JHS/Essential_/IMG_9912
Essential French (B5),Textbook,Primary,NNF Books,,55,/Primary and JHS/Essential_/IMG_9913
Essential French (B6),Textbook,Primary,NNF Books,,55,/Primary and JHS/Essential_/IMG_9914
Essential Computing (B4),Textbook,Primary,NNF Books,,50,/Primary and JHS/Essential_/IMG_9915
Essential Computing (B5),Textbook,Primary,NNF Books,,50,/Primary and JHS/Essential_/IMG_9916
Essential Computing (B6),Textbook,Primary,NNF Books,,60,/Primary and JHS/Essential_/IMG_9917
Essential Our World & Our People (B4),Textbook,Primary,NNF Books,,60,/Primary and JHS/Essential_/IMG_9918
Essential Our World & Our People (B6),Textbook,Primary,NNF Books,,60,/Primary and JHS/Essential_/IMG_9919
Essential Mathematics (B1),Textbook,Primary,NNF Books,,60,/Primary and JHS/Essential_/IMG_9920
Essential Mathematics (B2),Textbook,Primary,NNF Books,,60,/Primary and JHS/Essential_/IMG_9922
Essential Mathematics (B3),Textbook,Primary,NNF Books,,60,/Primary and JHS/Essential_/IMG_9924
Essential Mathematics (B4),Textbook,Primary,NNF Books,,60,/Primary and JHS/Essential_/IMG_9926
Essential Mathematics (B5),Textbook,Primary,NNF Books,,60,/Primary and JHS/Essential_/IMG_9927
Essential Mathematics (B6),Textbook,Primary,NNF Books,,60,/Primary and JHS/Essential_/IMG_9929
Essential Social Studies (B8),Textbook,Primary,NNF Books,,85,/Primary and JHS/Essential_/IMG_9931
Essential Science (B2),Textbook,Primary,NNF Books,,50,/Primary and JHS/Essential_/IMG_9939
Essential Science (B3),Textbook,Primary,NNF Books,,50,/Primary and JHS/Essential_/IMG_9940
Essential Science (B5),Textbook,Primary,NNF Books,,50,/Primary and JHS/Essential_/IMG_9941
Essential Science (B6),Textbook,Primary,NNF Books,,50,/Primary and JHS/Essential_/IMG_9942
Essential Our World & Our People (B1),Textbook,Primary,NNF Books,,50,/Primary and JHS/Essential_/IMG_9943
Essential Our World & Our People (B6),Textbook,Primary,NNF Books,,50,/Primary and JHS/Essential_/IMG_9945
Essential Our World & Our People (B5),Textbook,Primary,NNF Books,,50,/Primary and JHS/Essential_/IMG_9946
Essential Our World & Our People (B2),Textbook,Primary,NNF Books,,50,/Primary and JHS/Essential_/IMG_9947
Essential Science (B4),Textbook,Primary,NNF Books,,50,/Primary and JHS/Essential_/IMG_9948
Essential Our World & Our People (B6),Textbook,Primary,NNF Books,,50,/Primary and JHS/Essential_/IMG_9950
Essential French (B8),Textbook,Primary,NNF Books,,85,/Primary and JHS/Essential_/IMG_9960
Essential English (B3),Textbook,Primary,NNF Books,,85,/Primary and JHS/Essential_/IMG_9967
Science Book 6,Textbook,Primary,OCR Investment Limited,,60,/Primary and Jhs/victory_/IMG_0246
Science Book 3,Textbook,Primary,OCR Investment Limited,,60,/Primary and Jhs/victory_/IMG_0247
Science Book 1,Textbook,Primary,OCR Investment Limited,,60,/Primary and Jhs/victory_/IMG_0248
English Language basic 6,Textbook,Primary,Pages Series,,70,/Primary and Jhs/Pages Series/IMG_1679
English Language basic 4,Textbook,Primary,Pages Series,,70,/Primary and Jhs/Pages Series/IMG_1680
English Language basic 1,Textbook,Primary,Pages Series,,70,/Primary and Jhs/Pages Series/IMG_1681
English Language basic 2,Textbook,Primary,Pages Series,,70,/Primary and Jhs/Pages Series/IMG_1682
Creative Arts A Contemporary Approach basic 1,Textbook,Primary,Pages Series,,70,/Primary and Jhs/Pages Series/IMG_1710
Fa To Wo Tirim 6,Textbook,Primary,PaperTalk Limited,,55,/Primary and Jhs/Vestel Series_/Fa To Wo Tirim_/IMG_1837
Fa To Wo Tirim 3,Textbook,Primary,PaperTalk Limited,,55,/Primary and Jhs/Vestel Series_/Fa To Wo Tirim_/IMG_1838
Fa To Wo Tirim 5,Textbook,Primary,PaperTalk Limited,,55,/Primary and Jhs/Vestel Series_/Fa To Wo Tirim_/IMG_1839
Fa To Wo Tirim 1,Textbook,Primary,PaperTalk Limited,,55,/Primary and Jhs/Vestel Series_/Fa To Wo Tirim_/IMG_1840
Nimde3 Safe 6,Textbook,Primary,PaperTalk Limited,,55,/Primary and Jhs/Vestel Series_/Fa To Wo Tirim_/IMG_1841
Nimde3 Safe 3,Textbook,Primary,PaperTalk Limited,,55,/Primary and Jhs/Vestel Series_/Fa To Wo Tirim_/IMG_1842
Nimde3 Safe 4,Textbook,Primary,PaperTalk Limited,,55,/Primary and Jhs/Vestel Series_/Fa To Wo Tirim_/IMG_1843
English Language Basic 4,Textbook,Primary,Perfect Series,,70,/Primary and Jhs/Perfect/IMG_0277
English Language Basic 1,Textbook,Primary,Perfect Series,,70,/Primary and Jhs/Perfect/IMG_0278
English Language Basic 6,Textbook,Primary,Perfect Series,,70,/Primary and Jhs/Perfect/IMG_0279
English Language Basic 3,Textbook,Primary,Perfect Series,,70,/Primary and Jhs/Perfect/IMG_0280
English Language Basic 5,Textbook,Primary,Perfect Series,,70,/Primary and Jhs/Perfect/IMG_0281
English Language Basic ,Textbook,Primary,Perfect Series,,70,/Primary and Jhs/Perfect/IMG_0282
Our World And Our People basic 6,Textbook,Primary,Perfect Series,,70,/Primary and Jhs/Perfect/IMG_0284
Natural Science Basic 3,Textbook,Primary,Perfect Series,,70,/Primary and Jhs/Perfect/IMG_0285
Integrated Science basic 6,Textbook,Primary,Perfect Series,,70,/Primary and Jhs/Perfect/IMG_0286
Natural Science Basic 1,Textbook,Primary,Perfect Series,,70,/Primary and Jhs/Perfect/IMG_0287
Natural Science Basic 2,Textbook,Primary,Perfect Series,,70,/Primary and Jhs/Perfect/IMG_0289
Integrated Science basic 5,Textbook,Primary,Perfect Series,,70,/Primary and Jhs/Perfect/IMG_0290
History of Ghana basic 5,Textbook,Primary,Perfect Series,,70,/Primary and Jhs/Perfect/IMG_0293
History of Ghana basic 4,Textbook,Primary,Perfect Series,,70,/Primary and Jhs/Perfect/IMG_0294
History of Ghana basic 3,Textbook,Primary,Perfect Series,,70,/Primary and Jhs/Perfect/IMG_0295
History of Ghana basic 1,Textbook,Primary,Perfect Series,,70,/Primary and Jhs/Perfect/IMG_0297
Creative Arts Basic 3,Textbook,Primary,Perfect Series,,70,/Primary and Jhs/Perfect/IMG_0298
Creative Arts Basic 4,Textbook,Primary,Perfect Series,,70,/Primary and Jhs/Perfect/IMG_0299
Creative Arts Basic 5,Textbook,Primary,Perfect Series,,70,/Primary and Jhs/Perfect/IMG_0300
Creative Arts Basic 2,Textbook,Primary,Perfect Series,,70,/Primary and Jhs/Perfect/IMG_0301
Creative Arts Basic 6,Textbook,Primary,Perfect Series,,70,/Primary and Jhs/Perfect/IMG_0302
Mathematics basic 2,Textbook,Primary,Perfect Series,,70,/Primary and Jhs/Perfect/IMG_0303
Mathematics basic 6,Textbook,Primary,Perfect Series,,70,/Primary and Jhs/Perfect/IMG_0304
Mathematics basic 3,Textbook,Primary,Perfect Series,,70,/Primary and Jhs/Perfect/IMG_0305
Mathematics basic 1,Textbook,Primary,Perfect Series,,70,/Primary and Jhs/Perfect/IMG_0306
Mathematics basic 4,Textbook,Primary,Perfect Series,,70,/Primary and Jhs/Perfect/IMG_0307
Mathematics basic 6,Textbook,Primary,Potosky Series,,70,/Primary and Jhs/Potosky Series/IMG_1600
Mathematics basic 5,Textbook,Primary,Potosky Series,,70,/Primary and Jhs/Potosky Series/IMG_1601
Mathematics basic 3,Textbook,Primary,Potosky Series,,70,/Primary and Jhs/Potosky Series/IMG_1602
Mathematics basic 4,Textbook,Primary,Potosky Series,,70,/Primary and Jhs/Potosky Series/IMG_1604
English Language basic 1,Textbook,Primary,Potosky Series,,70,/Primary and Jhs/Potosky Series/IMG_1605
English Language basic 4,Textbook,Primary,Potosky Series,,70,/Primary and Jhs/Potosky Series/IMG_1606
English Language basic 2,Textbook,Primary,Potosky Series,,70,/Primary and Jhs/Potosky Series/IMG_1607
Asante Twi Nyansap) 6,Textbook,Primary,Premsco Series ,,60,/Primary and Jhs/Premsco Series_/IMG_1734
Asante Twi Nyansap) 3,Textbook,Primary,Premsco Series ,,60,/Primary and Jhs/Premsco Series_/IMG_1735
Asante Twi Nyansap) 5,Textbook,Primary,Premsco Series ,,60,/Primary and Jhs/Premsco Series_/IMG_1736
Asante Twi Nyansap) 4,Textbook,Primary,Premsco Series ,,60,/Primary and Jhs/Premsco Series_/IMG_1737
Asante Twi Nyansap) 2,Textbook,Primary,Premsco Series ,,60,/Primary and Jhs/Premsco Series_/IMG_1738
Akuapem Twi Nyansap)w 6,Textbook,Primary,Premsco Series ,,60,/Primary and Jhs/Premsco Series_/IMG_1739
Akuapem Twi Nyansap)w 4,Textbook,Primary,Premsco Series ,,60,/Primary and Jhs/Premsco Series_/IMG_1740
Akuapem Twi Nyansap)w 1,Textbook,Primary,Premsco Series ,,60,/Primary and Jhs/Premsco Series_/IMG_1741
Akuapem Twi Nyansap)w 5,Textbook,Primary,Premsco Series ,,60,/Primary and Jhs/Premsco Series_/IMG_1742
Akuapem Twi Nyansap)w 3,Textbook,Primary,Premsco Series ,,60,/Primary and Jhs/Premsco Series_/IMG_1744
Simple Science Learner's book 5,Textbook,Primary,Prof & Figurs Series,,60,/Primary and Jhs/Simple/IMG_0170
Simple Science Learner's book 3,Textbook,Primary,Prof & Figurs Series,,60,/Primary and Jhs/Simple/IMG_0173
Simple Science Learner's book 4,Textbook,Primary,Prof & Figurs Series,,60,/Primary and Jhs/Simple/IMG_0174
Simple History of Ghana for Basic Schools 5,Textbook,Primary,Prof & Figurs Series,,60,/Primary and jhs/Simple/IMG_0392
Simple Mathematics basic 2,Textbook,Primary,Prof & Figurs Series,,60,/Primary and jhs/Simple/IMG_0396
Simple Mathematics basic 6,Textbook,Primary,Prof & Figurs Series,,60,/Primary and jhs/Simple/IMG_0397
Asante Twi Kasa Mmara ne Amammere 1,Textbook,Primary,Sakant Series ,,65,/Primary and Jhs/Sakant Series/IMG_1707
Akuapem Twi Kasa Mmara ne amammere 5,Textbook,Primary,Sakant Series ,,65,/Primary and Jhs/Sakant Series/IMG_1708
Akuapem Twi Kasa Mmara ne amammere 6,Textbook,Primary,Sakant Series ,,65,/Primary and Jhs/Sakant Series/IMG_1709
Ga Yibaamo (Oral Language) Basic 6,Textbook,Primary,Springfields Publications,,40,/Primary and jhs/Ga yibaamo/IMG_1716
Ga Yibaamo (Oral Language) Basic 2,Textbook,Primary,Springfields Publications,,40,/Primary and jhs/Ga yibaamo/IMG_1717
Ga Yibaamo (Oral Language) Basic 4,Textbook,Primary,Springfields Publications,,40,/Primary and jhs/Ga yibaamo/IMG_1718
Ga Yibaamo (Oral Language) Basic 5,Textbook,Primary,Springfields Publications,,40,/Primary and jhs/Ga yibaamo/IMG_1719
Ga Yibaamo (Oral Language) Basic 1,Textbook,Primary,Springfields Publications,,40,/Primary and jhs/Ga yibaamo/IMG_1720
HA W)KASE GA 6 ,Textbook,Primary,Springfields Publications,,55,/Primary and Jhs/vestel Series_/Ha wakase ga/IMG_1833
HA W)KASE GA 2,Textbook,Primary,Springfields Publications,,55,/Primary and Jhs/vestel Series_/Ha wakase ga/IMG_1834
HA W)KASE GA 1,Textbook,Primary,Springfields Publications,,55,/Primary and Jhs/vestel Series_/Ha wakase ga/IMG_1835
HA W)KASE GA 5,Textbook,Primary,Springfields Publications,,55,/Primary and Jhs/vestel Series_/Ha wakase ga/IMG_1836
Winmat Primary English book 3 ,Textbook,Primary,Standards-based learner's Book,,70,/Primary and Jhs/Winmat Macmillan_/IMG_0487
Winmat Primary English book 1,Textbook,Primary,Standards-based learner's Book,,70,/Primary and Jhs/Winmat Macmillan_/IMG_0488
Our Word And Our People Basic 3,Textbook,Primary,Victory Series,,45,/Primary and Jhs/Victory Series_/IMG_1636
Our Word And Our People Basic 5,Textbook,Primary,Victory Series,,45,/Primary and Jhs/Victory Series_/IMG_1637
Our Word And Our People Basic 2,Textbook,Primary,Victory Series,,45,/Primary and Jhs/Victory Series_/IMG_1638
Our Word And Our People Basic 4,Textbook,Primary,Victory Series,,45,/Primary and Jhs/Victory Series_/IMG_1639
Our Word And Our People Basic 6,Textbook,Primary,Victory Series,,45,/Primary and Jhs/Victory Series_/IMG_1640
Our Word And Our People Basic 1,Textbook,Primary,Victory Series,,45,/Primary and Jhs/Victory Series_/IMG_1641
History book 3,Textbook,Primary,Victory Series,,45,/Primary and Jhs/Victory Series_/IMG_1642
Learn History Of Ghana book 6,Textbook,Primary,Victory Series,,45,/Primary and Jhs/Victory Series_/IMG_1654
Religious And Moral Education book 2,Textbook,Primary,Victory Series,,45,/Primary and Jhs/Victory Series_/IMG_1655
Religious and Moral Education book 4,Textbook,Primary,Victory Series,,45,/Primary and Jhs/Victory Series_/IMG_1656
Religious and Moral Education book 6,Textbook,Primary,Victory Series,,45,/Primary and Jhs/Victory Series_/IMG_1657
Religious and Moral Education book 3,Textbook,Primary,Victory Series,,45,/Primary and Jhs/Victory Series_/IMG_1658
Religious and Moral Education book 5,Textbook,Primary,Victory Series,,45,/Primary and Jhs/Victory Series_/IMG_1659
Religious and Moral Education book 1,Textbook,Primary,Victory Series,,45,/Primary and Jhs/Victory Series_/IMG_1660
Essential Mathematics (B1),Workbook,Primary,NNF Books,,60,/Primary and JHS/Essential_/IMG_9921
Essential Mathematics (B2),Workbook,Primary,NNF Books,,60,/Primary and JHS/Essential_/IMG_9923
Essential Mathematics (B4),Workbook,Primary,NNF Books,,60,/Primary and JHS/Essential_/IMG_9925
Essential Mathematics (B5),Workbook,Primary,NNF Books,,60,/Primary and JHS/Essential_/IMG_9928
Essential Mathematics (B6),Workbook,Primary,NNF Books,,60,/Primary and JHS/Essential_/IMG_9930
Essential Our World & Our People (B5),Workbook,Primary,NNF Books,,50,/Primary and JHS/Essential_/IMG_9949
Essential Our World & Our People (B4),Workbook,Primary,NNF Books,,50,/Primary and JHS/Essential_/IMG_9954
Ultimate English book 5,Textbook,Primary ,Allgoodbooks Publishing,,70,/Primary and Jhs/Vestel Series_/Ultimate Series_/IMG_1889
Ultimate English book 4,Textbook,Primary ,Allgoodbooks Publishing,,70,/Primary and Jhs/Vestel Series_/Ultimate Series_/IMG_1891
English Language basic 3,Textbook,Primary ,Pages Series,,70,/Primary and Jhs/Pages Series/IMG_1678
Our World And Our People basic 1,Textbook,primary ,Perfect Series,,70,/Primary and Jhs/Perfect/IMG_0283
History of Ghana basic 6,Textbook,Primary ,Perfect Series,,70,/Primary and Jhs/Perfect/IMG_0296
Mathematics basic 2,Textbook,Primary ,Potosky Series,,70,/Primary and Jhs/Potosky Series/IMG_1603
Asante Twi Nyansap) 1,Textbook,Primary ,Premsco Series ,,60,/Primary and Jhs/Premsco Series_/IMG_1733
Simple Science Learner's book 2,Textbook,Primary ,Prof & Figurs Series,,60,/Primary and Jhs/Simple/IMG_0171
Simple Science Learner's book 6,Textbook,Primary ,Prof & Figurs Series,,60,/Primary and Jhs/Simple/IMG_0172
Simple Mathematics basic 1,Textbook,Primary ,Prof & Figurs Series,,60,/Primary and jhs/Simple/IMG_0395
Simple Mathematics basic 5,Textbook,Primary ,Prof & Figurs Series,,60,/Primary and jhs/Simple/IMG_0398
Creative Arts book 4,Textbook,Primary ,Victory Series,,60,/Primary and Jhs/Vestel Series_/Victory/IMG_1808
"Mpanyin Ka Bi A, Tie (lang & Grammar)",Textbook,Primary ,Kwadwoan Publishing ,,,/Primary and Jhs/vestel Series_/Mpanyin Series_/IMG_1844
"Mpanyin Ka Bi A, Tie (amanne3 Ne w)n Amammer3",Textbook,Primary ,Kwadwoan Publishing ,,,/Primary and Jhs/vestel Series_/Mpanyin Series_/IMG_1845
"Mpanyin Ka Bi A, Tie (Reading, Comprehension And Poetry)",Textbook,Primary ,Kwadwoan Publishing ,,,/Primary and Jhs/vestel Series_/Mpanyin Series_/IMG_1846
"Mpanyin Ka Bi A, Tie (Literature)",Textbook,Primary ,Kwadwoan Publishing ,,,/Primary and Jhs/vestel Series_/Mpanyin Series_/IMG_1847
Twi Adesua Ne Dwumadi Nhoma Bi(Akuapem Twi),Textbook,Primary ,Bedozer Series,,60,/SecSchool/Bedozer Series 2/IMG_1726
Mathematics ,Textbook,Primary ,Calculus Series,,65,/SecSchool/Calculus/IMG_0967
Twi Adesua Ne Dwumadi Nhoma Bi(Akuapem Twi),Textbook,Primary ,Bedozer Series,,60,/SecSchool/Bedozer Series 2/IMG_1725
Mathematics ,Textbook,Primary ,Calculus Series,,65,/SecSchool/Calculus/IMG_0968
Twi Adesua Ne Dwumadi Nhoma Bi(Akuapem Twi),Textbook,Primary ,Bedozer Series,,60,/SecSchool/Bedozer Series 2/IMG_1723
Mathematics ,Textbook,Primary ,Calculus Series,,65,/SecSchool/Calculus/IMG_0971
Twi Adesua Ne Dwumadi Nhoma Bi(Akuapem Twi),Textbook,Primary ,Bedozer Series,,60,/SecSchool/Bedozer Series 2IMG_1727
Twi Adesua Ne Dwumadi Nhoma Bi(Akuapem Twi),Textbook,Primary ,Bedozer Series,,60,/SecSchool/Bedozer Series 2/IMG_1724
Mathematics ,Textbook,Primary ,Calculus Series,,65,/SecSchool/Calculus/IMG_0970
Twi Adesua Ne Dwumadie Nwoma Bi(Asante Twi),Textbook,Primary ,Bedozer Series,,60,/SecSchool/Bedozer Series 2/IMG_1722
Mathematics ,Textbook,Primary ,Calculus Series,,65,/SecSchool/Calculus/IMG_0969
Management in Living,Textbook,Colleges,Adwinsa Publications (Gh) Ltd,,150,/SecSchool/MIL_FN/IMG_0949
Mathematics Vol 2,Textbook,Colleges,Baffour-Ba Series,,150,/SecSchool/Core Math/IMG_1916
Mathematics Vol 1,Textbook,Colleges,Baffour-Ba Series,,150,/SecSchool/Core Math/IMG_1917
Food and Nutrition ,Textbook,Colleges,Ghana Universities Press,,150,/SecSchool/MIL_FN/IMG_0952
Building Construction,Textbook,Colleges,Heritage Series,,120,/SecSchool/Visual Art/IMG_0942
Learn to Design: Graphic Design ,Textbook,Colleges,PreCARD,,100,/SecSchool/Visual Art/IMG_0947
BookWorm Food and Nutrition,Textbook,Colleges,"St. George Consultants Limited, Lagos.",,100,/SecSchool/MIL_FN/IMG_0953
Clothing & Texttiles,Textbook,Senior High School,Winmat Publishers Limited,,200,/SecSchool/MIL_FN/IMG_0950
College Biology,Textbook,Senior High School,A1 Series,,250,/SecSchool/Biology/IMG_0897
Step-by-step Financial Accounting,Textbook,Senior High School,Ter-ror Series,,100,/SecSchool/Accounting/IMG_1952
Chemistry,Activity Book ,Senior High School,Hopeson's Series,,200,/SecSchool/Chemistry/IMG_0878
Conquering Senior High School Physics SHS1,Textbook,Senior High School,Adwinsa Publications (Gh) Ltd,,200,/SecSchool/Physics/IMG_0891
Standard Economics,Textbook,Senior High School,Aki-Ola Series,,150,/SecSchool/Economics/IMG_1957
Physics,Textbook,Senior High School,Aki-Ola Series,,150,/SecSchool/Physics/IMG_0890
Core Information and Communications Technology(ICT),Textbook,Senior High School,Aki-Ola Series,,150,/SecSchool/ Shs IT/IMG_1912
"Biology, WASSCE, New Mega 1",Textbook,Senior High School,Anointing Mega,,120,/SecSchool/Biology/IMG_0899
"Practical Biology, WASSCE, Mega 3",Textbook,Senior High School,Anointing Mega,,150,/SecSchool/Biology/IMG_0900
"Biology, WASSCE, Mega 2",Textbook,Senior High School,Anointing Mega,,120,/SecSchool/Biology/IMG_0901
Roots of Economics ,Textbook,Senior High School,Approacher's Series,,150,/SecSchool/Economics/IMG_1959
Physics: Waves Phenomena Electricity & Magnetism Atomic & Nuclear Physics Electronics Book 2,Textbook,Senior High School,Atta Kay Physics Series,,100,/SecSchool/Physics/IMG_0893
Physics: Comprehensive Notes on Mechanics and Heat,Textbook,Senior High School,Atta Kay Physics Series,,100,/SecSchool/Physics/IMG_0894
Geography,Textbook,Senior High School,Concern Series,,150,/SecSchool/Geography/IMG_0938
Concise General Mathematics,Textbook,Senior High School,Concise Series,,180,/SecSchool/Core Math/IMG_1920
Geography,Textbook,Senior High School,Easy  Way A1,,200,/SecSchool/Geography/IMG_0930
Excellence Geography,Textbook,Senior High School,Excellence Series Publishing ,,200,/SecSchool/Geography/IMG_0937
Excellence English Language ,Textbook,Senior High School,Excellence Series Publishing ,,200,/SecSchool/shs English/IMG_1924
Excellence ICT (Information and Communications Technology),Textbook,Senior High School,Excellence Series Publishing ,,200,/SecSchool/ Shs IT/IMG_1913
English Language ,Textbook,Senior High School,Gap Series,,200,/SecSchool/shs English/IMG_1928
Geography ,Textbook,Senior High School,Geo-Geo Series,,200,/SecSchool/Geography/IMG_0940
English SHS 1,Textbook,Senior High School,Geo-Geo Series,,100,/SecSchool/shs English/IMG_1926
Computing SHS 1,Textbook,Senior High School,Geo-Geo Series,,100,/SecSchool/ Shs IT/IMG_1911
"Information, Communications Technology(ICT)",Textbook,Senior High School,Geo-Geo Series,,200,/SecSchool/ Shs IT/IMG_1914
English Language,Textbook,Senior High School,Global Series,,150,/SecSchool/shs English/IMG_1925
Physics 1,Textbook,Senior High School,Hopeson's Series,,200,/SecSchool/Physics/IMG_0892
Human & Regional Geography,Textbook,Senior High School,Hot Series,,150,/SecSchool/Geography/IMG_0932
Understanding Geography: Physical and Practical Geography,Textbook,Senior High School,Hot Series,,150,/SecSchool/Geography/IMG_0933
Food and Nutrition,Textbook,Senior High School,Kwadwoan Publishing,,120,/SecSchool/MIL_FN/IMG_0954
English Paper 1,Textbook,Senior High School,Last Hour Series,,100,/SecSchool/shs English/IMG_1921
English Paper 2,Textbook,Senior High School,Last Hour Series,,100,/SecSchool/shs English/IMG_1923
A+ English Language,Textbook,Senior High School,Legends,,150,/SecSchool/shs English/IMG_1922
"Chemistry Unlimited, Ehance Your Chemistry Power",Textbook,Senior High School,Motion Education,,200,/SecSchool/Chemistry/IMG_0881
Simplified Economics,Textbook,Senior High School,Prof & Figures Series,,120,/SecSchool/Economics/IMG_1958
Geography Year 1,Textbook,Senior High School,Right Hour Series,,200,/SecSchool/Geography/IMG_0931
Geography,Textbook,Senior High School,Right Hour Series,,200,/SecSchool/Geography/IMG_0939
Biology,Textbook,Senior High School,Winmat Publishers Limited,,230,/SecSchool/Biology/IMG_0896
Biology,Textbook,Senior High School,Wise Ant,,200,/SecSchool/Biology/IMG_0895
Mathematics,Textbook,Senior High School,Wise Ant,,200,/SecSchool/Core Math/IMG_1918
Physics,Textbook,Senior High School,Wise Ant,,195,/SecSchool/Physics/IMG_0889
English Language,Textbook,Senior High School,Wise Ant,,200,/SecSchool/shs English/IMG_1927
Technical Drawing ,Textbook,Senior High School,Unimax Publishers Limited,,150,/SecSchool/Visual Art/IMG_0941
New Chemistry,Textbook,Senior High School,Aki-Ola Series,,200,/SecSchool/Chemistry/IMG_0884
General Mathematics,Textbook,Senior High School,Akrong Series,,180,/SecSchool/Core Math/IMG_1919
Holistic Economics,Textbook,Senior High School,Approacher's Series,,100,/SecSchool/Economics/IMG_1961
Food and Nutrition Practicals,Textbook,Senior High School,Tesbede Series,,50,/SecSchool/MIL_FN/IMG_0951
Ceramics,Handbook,Senior High School,Kocs Series,,100,/SecSchool/Visual Art/IMG_0943
Graphic Design Lens ,Textbook,Senior High School,Morove Company,,100,/SecSchool/Visual Art/IMG_0948
Understanding Chemistry,Textbook,Senior High School,X-Coco Series,,200,/SecSchool/Chemistry/IMG_0886
Discovering General Knowledge in Art,Textbook,Senior High School,OsBoat-j,,100,/SecSchool/Visual Art/IMG_0944
Accounting,Textbook,Senior High School,Ter-ror Series,,120,/SecSchool/Accounting/IMG_1951
Financial Accounting,Textbook,Senior High School,Aki-Ola Series,,200,/SecSchool/Accounting/IMG_1954
Principles of Cost Accounting,Textbook,Senior High School,Ter-ror Series,,180,/SecSchool/Accounting/IMG_1950
Financial Accounting,Textbook,Senior High School,Ter-ror Series,,200,/SecSchool/Accounting/IMG_1953
ICT(Information and Communications Technology),Textbook,Senior High School,Global Series,,150,/SecSchool/ Shs IT/IMG_1915
General Mathematics 1-3,Textbook,Senior High School,Akrong Series,,200,/primary and  Jhs/Vestel Series_/Core Math/IMG_1919
Concise General Mathematics,Textbook,Senior High School,Akrong Series,,200,/primary and  Jhs/Vestel Series_/Core Math/IMG_1920
Information and Communication Technology,Textbook,Senior High School,Global Series,,150,/Primary and Jhs/Vestel Series_/SHS Computing /IMG_1915
"Mathematics Shs 1,2,3",Textbook,Senior High School,Wise Ant,,200,/primary and  Jhs/Vestel Series_/Core Math/IMG_1918
Biology,Textbook,Senior High School,MOPAC,,150,/SecSchool/Biology/IMG_0898
The Key to A1 Economics,Textbook,Senior High School,Game Changer,,100,/SecSchool/Economics/IMG_1956
Joval Chemistry,Textbook,Senior High School,Joval Publications,,200,/SecSchool/Chemistry/IMG_0880
A Comprehensive Practical Chemistry,Textbook,Senior High School,Kosooko Series,,100,/SecSchool/Chemistry/IMG_0879
The Ultimate Chemistry,Textbook,Senior High School,KOV'S Series,,120,/SecSchool/Chemistry/IMG_0883
Mordern Chemistry,Textbook,Senior High School,SARPS Series,,150,/SecSchool/Chemistry/IMG_0882
The Economics Commandments,Textbook,Senior High School,African Christian Press (ACP),,100,/SecSchool/Economics/IMG_1960